Country,ISO3,Year,Growth,Productivity,Internet,Broadband,ICT_Exports,Unemployment,Inflation,RnD
Austria,AUT,2005,2.32036514266782,123690.077540015,58,14.266264392036,4.99282616763945,5.682,2.29913785639286,2.38942
Austria,AUT,2006,3.26933601506059,125170.524497835,63.6,17.3158121176343,6.55008230389135,5.32,1.44154851119017,2.376
Austria,AUT,2007,3.77522468729185,126651.056170302,69.37,19.5493477604788,6.55075057851388,4.909,2.16855528800757,2.4336
Austria,AUT,2008,1.45330562142114,126260.397279809,72.87,20.7731280065619,6.60356644522693,4.198,3.2159503323988,2.58632
Austria,AUT,2009,-3.58626472551299,122043.563091172,73.45,22.510594883252,7.19586963550479,5.371,0.506308827696504,2.61279
Austria,AUT,2010,1.80898243043663,123127.219184417,75.17,24.5113861270145,6.99614039382862,4.883,1.81353438995062,2.74321
Austria,AUT,2011,2.92746800169145,125651.307496919,78.7399930986888,24.9926429150975,7.56017225794456,4.637,3.2865791487538,2.68567
Austria,AUT,2012,0.628246239479637,125370.724185252,80.0299939169903,25.2644782408466,8.66027089352986,4.909,2.48567562177015,2.93372
Austria,AUT,2013,-0.250726423318454,124435.265028173,80.6188,26.3222866586035,8.84412280495931,5.367,2.00015616900597,2.97993
Austria,AUT,2014,0.755798850316665,125091.186433395,80.9958249574764,27.597689562142,9.52672626702794,5.674,1.60581182954474,3.11263
Austria,AUT,2015,1.30352331826198,125375.115152195,83.9401419315026,28.4068593397138,9.4056570567815,5.802,0.89656333526032,3.06917
Austria,AUT,2016,2.11721964494312,126110.971123846,84.3237425711653,28.8775983744406,9.43717103559784,6.064,0.891591752655362,3.13356
Austria,AUT,2017,2.27224992038207,127537.782511183,87.9355865856062,28.5425998928488,9.73353489026433,5.561,2.08126911385587,3.07376
Austria,AUT,2018,2.48422114080024,128696.031693405,87.4791372262556,28.5150396136468,10.2239777739519,4.933,1.99837981429549,3.10828
Austria,AUT,2019,1.75497619649288,129898.46313085,87.7522047870069,28.3631930003301,11.0970526757044,4.56,1.53089564152644,3.14405
Austria,AUT,2020,-6.31825509209936,123043.907448674,87.52942813,29.2106456326106,13.790753531074,5.201,1.38191063351854,3.20758
Austria,AUT,2021,4.92309171717903,129644.635311475,92.52915104,29.2537339731419,14.0901636229717,6.459,2.7666666666667,3.25565
Austria,AUT,2022,5.33096379400371,132596.191173777,93.61409139,29.2342573265435,12.6681761835011,4.992,8.54686993188458,3.17775
Azerbaijan,AZE,2005,27.9615381082131,21763.4169613255,8.030400276,0.0254034779501534,4.81590375745151,7.26,9.6795073191705,0.21994
Azerbaijan,AZE,2006,34.4662096226792,29224.5114973046,11.9921999,0.0454003843248716,0.372731934466309,6.62,8.32892482863209,0.17165
Azerbaijan,AZE,2007,25.4632157314482,37588.1465708046,14.53999996,0.165377046640065,0.325885759280152,6.33,16.6997549618244,0.17006
Azerbaijan,AZE,2008,10.591437462476,40838.7841614325,17.08,0.670942958889759,3.31876200875718,5.86,20.8490871772712,0.16554
Azerbaijan,AZE,2009,9.36950260277183,43290.4508040273,27.4,1.10541991807512,3.85681408726239,5.74,1.45704835970321,0.24976
Azerbaijan,AZE,2010,4.78883248761557,44653.7030936631,46,5.1962691859745,3.40015776077547,5.63,5.72687224669605,0.21848
Azerbaijan,AZE,2011,-1.5729973511111,42973.5694768648,50,10.5213182586713,2.45070842870421,5.42,7.8583333333334,0.21084
Azerbaijan,AZE,2012,2.20293891708398,43015.9290585193,54.20000076,14.6071625537092,1.98315818018177,5.19,1.06621339720303,0.21427
Azerbaijan,AZE,2013,5.84341590483928,44838.5150863565,73.000001372,18.0145551396199,2.75630894112526,4.97,2.41571745279419,0.20969
Azerbaijan,AZE,2014,2.79758521448559,45113.7596529751,75.0000156363396,19.7076399486748,2.95820891979612,4.91,1.37344181533176,0.20978
Azerbaijan,AZE,2015,1.04954641215085,44736.2428913683,77,19.4759070425568,1.95351650522751,4.96,4.02768573742726,0.22232
Azerbaijan,AZE,2016,-3.06359842251706,42334.6643504857,78.2,18.2770953995915,1.66742592639225,5,12.4433748584372,0.20637
Azerbaijan,AZE,2017,0.153614661745507,41818.2118162947,79,18.1091657629876,1.41403140789504,5,12.9359184187335,0.18468
Azerbaijan,AZE,2018,1.50040167167313,41719.5305735389,79.7999954887896,18.8342000186458,1.6816338824927,4.9,2.26854690373999,0.18416
Azerbaijan,AZE,2019,2.47980879185565,42430.5814120378,81.0999990651547,19.2178211211639,1.55074268009225,5,2.61057182799215,0.20013
Azerbaijan,AZE,2020,-4.19896065333343,40037.0853073336,84.59999573,19.5985750948022,2.48115245605667,7.24,2.75980947008127,0.2239
Azerbaijan,AZE,2021,5.61644027150554,43720.5413265585,85.99998954,20.0856994533421,2.53281334515058,6.04,6.65029912708779,0.20836
Azerbaijan,AZE,2022,4.71468033247649,44616.1419540263,88,20.3655958095069,2.66006603395474,5.65,13.8522590144267,0.1513
Belgium,BEL,2005,2.32173792911834,134405.121993855,55.81999969,19.1870013663666,6.9842107946025,8.44,2.78143263670029,1.7906
Belgium,BEL,2006,2.55234087322462,136950.71294408,61.9818700222023,23.2412047200904,6.93457774802207,8.246,1.79120770070454,1.82269
Belgium,BEL,2007,3.67692462515802,138169.630126298,66.7604202433135,25.6893868359802,8.0734914469632,7.459,1.8230563002681,1.84999
Belgium,BEL,2008,0.446905130727231,136794.240199476,68.8573221425131,27.8485650589166,7.11250438041063,6.976,4.48944420508404,1.93684
Belgium,BEL,2009,-1.90644105515335,134917.35906172,74.5441455527336,29.1619435426182,8.12521386365239,7.908,-0.0531456741254177,1.99134
Belgium,BEL,2010,2.71031150254662,136320.845200416,77.6397855126946,30.842629161864,7.81647528774482,8.293,2.18929920422458,2.0613
Belgium,BEL,2011,1.93115502411325,137715.185938845,81.6099959955952,32.1032472233196,8.91827218005707,7.14,3.5320821072274,2.15739
Belgium,BEL,2012,0.215803612089744,137680.675797569,80.7199905482042,33.2388297727719,8.51325999200098,7.542,2.83966343445899,2.27079
Belgium,BEL,2013,0.305494549070232,138039.889862369,82.1702,34.3084525866565,9.38547772077223,8.425,1.1130959402754,2.32047
Belgium,BEL,2014,1.76554038149924,140133.916152028,85.0012379539925,35.7819662752911,9.42781706068234,8.523,0.340002833356922,2.35858
Belgium,BEL,2015,1.47416433731927,141849.976580332,85.0529417508701,36.5492377831789,9.98604274490768,8.482,0.561429152790158,2.43496
Belgium,BEL,2016,1.19350273007754,142336.271962494,86.5164766644457,37.6812994536783,10.1314076806664,7.83,1.97385264653163,2.53291
Belgium,BEL,2017,1.47446761556785,142256.691741814,87.6796808175598,38.4911160919085,10.7399503250912,7.09,2.12597086002616,2.67654
Belgium,BEL,2018,1.87796847383565,141579.484604144,88.6473429951691,39.4006967604533,11.4486105366345,5.941,2.05316499865178,2.86365
Belgium,BEL,2019,2.4428900448156,142675.533329534,90.275428012141,39.9517850127817,11.9117281586399,5.364,1.43681956996438,3.15154
Belgium,BEL,2020,-4.7929839083518,136668.184090266,91.52641629,41.0239697084264,12.8507657947193,5.545,0.740791812220344,3.36823
Belgium,BEL,2021,6.25445686466593,143705.694905106,92.78867618,43.0218054966431,13.4777555110243,6.248,2.44024851144084,3.40589
Belgium,BEL,2022,4.02460852835887,145529.767303213,94.00783071,43.5657139519422,13.0128876092895,5.57,9.597511728725,3.19592
Brazil,BRA,2005,3.20213206130431,34309.3040987948,21.022747248827,1.75095200096296,2.16330481064482,10.551,6.86953720898964,1.00247
Brazil,BRA,2006,3.96198871122617,34900.0057032547,28.17840004,2.55393928456781,1.6420715831457,9.692,4.18356812896909,0.98807
Brazil,BRA,2007,6.06987060678338,36462.8085263444,30.87999916,4.03572440795213,1.92191164481252,9.28,3.64127299102652,1.08138
Brazil,BRA,2008,5.09419544658736,37362.2574758628,33.83,5.26188788450655,2.28921946587562,8.268,5.67859390284168,1.12904
Brazil,BRA,2009,-0.125812002161169,37086.5015871274,39.22,6.10682944207956,2.13494550048735,9.419,4.88803479876799,1.11866
Brazil,BRA,2010,7.52822581815364,39602.8066779964,40.65,7.27968486054674,2.03315744678591,8.42,5.03872690108075,1.15992
Brazil,BRA,2011,3.97442307944702,41005.3449068097,45.69,9.13182030910824,1.43659763435342,7.578,6.6364496221309,1.13966
Brazil,BRA,2012,1.92117598576537,41343.559149847,48.56,9.71151141846763,1.91565975312062,7.251,5.40349914036997,1.12684
Brazil,BRA,2013,3.00482266944432,41958.2643779378,51.04,10.7622017659472,1.8811391183743,7.071,6.20431066640101,1.19567
Brazil,BRA,2014,0.503955740242247,41620.5007869547,54.5510018796392,11.9790772854396,3.66210415949383,6.755,6.32904015516139,1.26971
Brazil,BRA,2015,-3.54576339269425,40241.3603240311,58.3279517340924,12.6353840484725,4.66664170620766,8.538,9.02990102416136,1.28464
Brazil,BRA,2016,-3.27591690782192,39749.3215058047,60.8725400681261,13.217709027651,5.45703084926473,11.58,8.73914352329393,1.19584
Brazil,BRA,2017,1.32286905404399,40207.0253818843,67.4712845236305,14.1218273097456,6.57356373822204,12.792,3.44637335032669,1.1175
Brazil,BRA,2018,1.783666761634,40287.8207414582,70.4342825404361,15.1537620986579,7.68841772324128,12.329,3.66485028376729,1.15016
Brazil,BRA,2019,1.22077782360842,39945.5086419838,73.9124399133589,15.8621991239093,7.79155072187296,11.936,3.73297621216894,1.15115
Brazil,BRA,2020,-3.2767587964736,41893.3237282763,81.34269353,17.418059685583,9.27436242667849,13.697,3.21176803803376,1.21907
Brazil,BRA,2021,4.76260437908608,41904.8315182294,80.68989314,19.8363162401481,10.4839137256087,13.158,8.30165975585673,1.13371
Brazil,BRA,2022,3.01669435393015,40322.9212545869,80.52775094,20.9534469027015,11.6014480812492,9.231,9.28010608956873,1.18873
Bulgaria,BGR,2005,7.05634916258309,45429.3422094663,19.97,2.15033040720983,3.95866341794182,10.083,5.0388380711191,0.44269
Bulgaria,BGR,2006,6.80259262432862,46419.7371611094,27.09,5.034780075217,3.8325847297065,8.951,7.26159462769947,0.44216
Bulgaria,BGR,2007,6.65438512368812,47310.1311180757,33.64,8.29162101773481,4.19526210058393,6.878,8.40253419005893,0.43003
Bulgaria,BGR,2008,6.12955885899744,48670.947423487,39.67,11.1942366306456,5.53461674562357,5.609,12.3487195994021,0.44731
Bulgaria,BGR,2009,-3.34714308501542,48659.7404326656,45,13.3284392878162,5.38988760062628,6.817,2.75320223914819,0.49338
Bulgaria,BGR,2010,1.55536266288017,52293.1316569148,46.23,15.1221247609612,8.80581253419115,10.279,2.43899060504117,0.56299
Bulgaria,BGR,2011,2.09017598337418,55345.4684369057,47.9799930506026,17.0296984088807,10.031710816644,11.26,4.21990346601872,0.5295
Bulgaria,BGR,2012,0.748814556346105,56091.6906067694,51.8999876658503,18.2006758494654,10.0848318766789,12.27,2.95456829831012,0.60039
Bulgaria,BGR,2013,-0.542753400392826,56624.3895379792,53.0615,19.5682074718498,9.87693213979279,12.941,0.890093540913096,0.63424
Bulgaria,BGR,2014,0.949449772002041,56927.691075534,55.4903766299262,20.5011345688189,9.56439052242148,11.424,-1.4181838026484,0.79007
Bulgaria,BGR,2015,3.39755351999294,57927.555847289,56.6562516053086,22.4944225140811,10.7920645312712,9.143,-0.104633261008479,0.94947
Bulgaria,BGR,2016,3.02662820096305,60518.7585613856,59.825547661014,23.8176881048635,12.2183784804407,7.575,-0.798649886453617,0.77009
Bulgaria,BGR,2017,2.74592737750996,59816.9623302987,63.4101013837926,25.3925159519229,12.3486584469108,6.164,2.06159619443141,0.74037
Bulgaria,BGR,2018,2.33015054210419,61623.8433618006,64.78201069118,27.103417988838,13.6103084036586,5.211,2.81454473824838,0.75505
Bulgaria,BGR,2019,3.79331964589196,62693.9855864739,67.9469809417603,28.8836779290396,16.2925512573075,4.148,3.10372944796771,0.83576
Bulgaria,BGR,2020,-3.13323543125917,62815.0064722228,70.16248359,30.5042854761098,22.0185368035743,5.037,1.67244096855756,0.84549
Bulgaria,BGR,2021,7.82817310703665,68917.2850596136,75.27144583,32.7688420838347,22.8301917948464,5.166,3.29774435299506,0.76933
Bulgaria,BGR,2022,4.08386398118941,69786.9250672246,79.12686326,34.9667968772891,22.1605074658282,4.148,15.3252589264367,0.75174
Canada,CAN,2005,3.21045441502793,102252.121218911,71.66,21.5905137127351,8.85027468756768,6.758,2.21355203439767,1.97127
Canada,CAN,2006,2.63794375302722,103045.488038609,72.40000153,24.5549559236404,9.23736971334192,6.484,2.00202539534161,1.94304
Canada,CAN,2007,2.04990459443619,103018.26375008,73.2,27.4243778082737,9.26434348230599,6.156,2.13838399266837,1.90358
Canada,CAN,2008,0.995406371264522,102559.178963516,76.69999695,29.4247301533061,10.2760828729251,6.284,2.37027067444299,1.85578
Canada,CAN,2009,-2.91508627059555,101022.827884885,80.3,30.4200539401656,10.8841247013254,8.46,0.299466803009299,1.91742
Canada,CAN,2010,3.09080633744851,102803.320398814,80.3,31.6318242774001,10.9440987301836,8.178,1.77687154092627,1.82504
Canada,CAN,2011,3.1371944343876,104421.694335739,83,32.6506480077297,11.7420548074207,7.637,2.91213508872351,1.78714
Canada,CAN,2012,1.75566133205234,104771.258500082,83,33.4738596726536,11.3219819190981,7.392,1.51567823124517,1.77303
Canada,CAN,2013,2.32581356612762,105756.255104241,85.80000305,34.2683042479886,9.55939580147429,7.143,0.938291897815317,1.70624
Canada,CAN,2014,2.87346675579731,108378.704892694,87.12000275,35.2694249557112,8.99388723512204,7.023,1.90663590717861,1.71482
Canada,CAN,2015,0.64997101491096,108376.912020257,90,36.4698589080979,8.60034408651586,6.945,1.12524136094277,1.6936
Canada,CAN,2016,1.03855091989323,108776.011629586,91.16000366,36.8232874759276,8.20562037854801,7.038,1.42875954701085,1.72903
Canada,CAN,2017,3.03383491841392,109696.853516876,92.70140076,37.8276923396247,8.49564421892629,6.426,1.59688412852977,1.68702
Canada,CAN,2018,2.74296341402246,110704.655978461,94.64,38.7333531661948,10.0062633713473,5.837,2.26822567248103,1.7372
Canada,CAN,2019,1.90843193887251,110430.462400771,91.91290283,40.076756874499,11.6770691777618,5.69,1.94926902411593,1.75578
Canada,CAN,2020,-5.03823342794087,111042.827306137,92.3,40.7949805592606,14.55803443525,9.657,0.716999632307827,1.93413
Canada,CAN,2021,5.95052804984759,112202.121182965,93.93710327,41.6930962576979,16.4399823293577,7.527,3.39519318527528,1.87064
Canada,CAN,2022,4.69541985045903,112243.095642687,94,42.1792116530791,15.1445109066633,5.279,6.80280115341613,1.81291
China,CHN,2005,11.4535130030645,11398.7566686598,8.52325700269541,2.85108597933654,2.96349273888181,4.52,1.77641407667571,1.29008
China,CHN,2006,12.6752842281595,12705.2330280599,10.5231526193851,3.85818779891054,3.92850336173259,4.43,1.6494309945586,1.34923
China,CHN,2007,14.1507710506103,14405.4028216472,16,5.00930152637401,4.07871413016819,4.35,4.81676767378834,1.35321
China,CHN,2008,9.66877608164454,15770.3192462437,22.6,6.21365228211399,4.78939094868267,4.59,5.92525137041092,1.4233
China,CHN,2009,9.40610014336416,17224.2686833564,28.9,7.74497137074886,5.37005274181505,4.72,-0.728165250932898,1.6366
China,CHN,2010,10.5916903885704,18968.032610629,34.3,9.34748427588032,5.87444082138678,4.53,3.17532475269199,1.68456
China,CHN,2011,9.46205248298186,20649.7871815335,38.3,11.504276685286,6.91800088794241,4.55,5.55389892257493,1.75244
China,CHN,2012,7.8578201481217,22258.1660487874,42.30009842,12.791553937217,8.05993843655598,4.58,2.61952432645541,1.88095
China,CHN,2013,7.77842954757257,23987.5447401034,45.79999924,13.6989049026864,8.25988435006092,4.6,2.62105001748115,1.96246
China,CHN,2014,7.46100735778161,25748.3249782549,47.90000153,14.4445199866037,9.20546024522584,4.63,1.92164162788521,1.98475
China,CHN,2015,6.98162255562367,27526.5523497609,50.29999924,19.8437947555032,11.2921105625466,4.65,1.43702380935655,2.01703
China,CHN,2016,6.7736886867727,29369.0509234877,53.2,22.9761329915729,12.2034646075308,4.56,2.00000182191943,2.0595
China,CHN,2017,6.89123916636191,31434.3081942008,54.3,27.9101271418763,12.6067554934971,4.47,1.59313600071436,2.07771
China,CHN,2018,6.757806142324,33601.881230496,65.35839844,28.7089097131815,12.8542282709365,4.31,2.07479039965576,2.10232
China,CHN,2019,6.06737806333672,35777.3561083629,64.080881297515,31.5611222411202,15.0815237282603,4.56,2.89923416358227,2.20144
China,CHN,2020,2.33950385203023,37511.2538690742,70.05275998,33.9069794578039,18.5914140289174,5,2.41942189457782,2.35712
China,CHN,2021,8.57038414981781,39480.6030794518,73.05323517,37.5611751315805,17.8702099307168,4.55,0.981015135544882,2.38165
China,CHN,2022,3.13385438394069,41490.0973232747,75.61131603,41.3736197056022,18.0565269979563,4.98,1.97357555739051,2.4945
Croatia,HRV,2005,4.32819454299167,71365.2616126067,33.13999939,2.69358958132531,3.51794621397934,12.598,3.31717824448043,0.84799
Croatia,HRV,2006,5.06986521577841,74357.3560411519,37.97999954,5.83437601371704,3.27769762656869,11.13,3.18982591472949,0.73228
Croatia,HRV,2007,5.04884076732965,75828.5190680648,41.44,8.96788983385829,3.27163822693782,9.909,2.89928275583389,0.78328
Croatia,HRV,2008,1.97176786914632,75781.0472472998,44.24,12.2371762498346,3.25946386554311,8.53,6.07696838798352,0.87629
Croatia,HRV,2009,-6.81168973851901,71195.7433015974,50.58,16.6418978640678,3.65424210541992,9.202,2.37852845904671,0.82999
Croatia,HRV,2010,-1.33616285467264,72978.542007366,56.55,19.4799756808943,3.62051749703028,11.62,1.03055505333576,0.72875
Croatia,HRV,2011,-0.111527124990047,75881.7879946343,57.7899789891444,20.8566154553422,4.17175971009445,13.678,2.27272727272722,0.73493
Croatia,HRV,2012,-2.23702049605232,77115.2671531962,61.9399731527956,21.581851768721,3.84010834878533,16.046,3.41207349081368,0.73545
Croatia,HRV,2013,-0.132561080066893,79345.7005214717,66.7476,22.5042534905966,3.57184873899591,17.231,2.21658206429779,0.79163
Croatia,HRV,2014,-0.559537666687092,77216.2850168284,68.5678992528467,23.3319089868678,4.1213119877245,17.209,-0.215196159576176,0.76744
Croatia,HRV,2015,2.32056679330526,78270.0768705634,69.8450359238281,23.5726310188829,4.59853069896298,16.15,-0.464499004645003,0.82388
Croatia,HRV,2016,3.46613146011039,81080.3893470557,72.6972696701463,25.2341141328155,5.08879236232352,13.015,-1.12500000000002,0.84569
Croatia,HRV,2017,3.2840626939789,82866.7479957164,67.0961920368478,26.865096097274,5.21140335662858,11.078,1.12937210282347,0.84354
Croatia,HRV,2018,2.91107146210912,84548.0168013349,75.2946259897258,28.0156020023514,5.78538476303942,8.322,1.50012501041747,0.94608
Croatia,HRV,2019,3.10247285336254,86452.6493890375,79.0797836757554,28.9682951804841,5.73529794231743,6.551,0.771820346498112,1.07723
Croatia,HRV,2020,-8.31046995309319,80464.68959985,78.32090004,26.0744550144438,10.629232383397,7.389,0.154811374562106,1.23536
Croatia,HRV,2021,12.6312741312741,89588.8596245138,81.25396608,26.7157501000099,7.68177186879774,7.483,2.55450699642041,1.24187
Croatia,HRV,2022,7.29479114889533,95064.7818545466,82.07155532,27.6606739600213,7.33103898591436,6.811,10.7805806758686,1.41896
Czechia,CZE,2005,6.37502886086791,76155.0014313861,35.27,6.8973973441835,7.81291633864756,7.927,1.85709789109228,1.15998
Czechia,CZE,2006,6.62317299177447,80245.8745507953,47.93,10.7961618649867,8.68684565706466,7.141,2.53399258343633,1.22564
Czechia,CZE,2007,5.48882595164517,83070.9511347583,51.93,14.4784887472778,8.03458053391424,5.316,2.8531243721117,1.2967
Czechia,CZE,2008,2.61226807205139,84177.9381012323,62.97,16.9544853816023,8.33368614488968,4.392,6.3586638015237,1.2352
Czechia,CZE,2009,-4.79832416684926,81450.1029693046,64.43,19.5385560961848,9.03483528855748,6.662,1.0193773532923,1.28943
Czechia,CZE,2010,2.71466509907701,84436.5147629874,68.82,21.6090542510609,8.12572810902459,7.281,1.47272727272728,1.31352
Czechia,CZE,2011,1.77238085338473,85536.0630628329,70.49,23.9064110361087,9.31190706395944,6.712,1.9172191363555,1.5323
Czechia,CZE,2012,-0.770668190622743,84622.7646773904,73.4300078241036,25.2869067180213,10.4101570505718,6.979,3.28762306610411,1.757
Czechia,CZE,2013,-0.0418124160447491,83822.8873473162,74.1104,27.1727115258321,11.1019560807207,6.953,1.4382978723404,1.86743
Czechia,CZE,2014,2.24521219862635,84994.1419292027,74.2317116367383,28.475360327904,11.6612819283465,6.108,0.343988589646794,1.94392
Czechia,CZE,2015,4.95875848915604,88070.7859617511,75.668838699279,27.9980000790543,11.7898556124733,5.048,0.309364548494975,1.906
Czechia,CZE,2016,2.58087013921376,88651.4149977514,76.4811986951838,29.14911847267,13.3313254352967,3.952,0.683504209385703,1.65411
Czechia,CZE,2017,5.17356529967881,91774.5906092001,78.7191728513432,29.8452606888193,13.7783412392201,2.893,2.4505339846014,1.74513
Czechia,CZE,2018,2.83030588267866,93149.9384930324,80.6881675434288,30.5512773467128,13.6825459897415,2.246,2.14949494949493,1.87652
Czechia,CZE,2019,3.56577658128261,96427.3835750095,80.8669444139622,35.4302064212035,14.8422120775756,2.015,2.84787595918041,1.89547
Czechia,CZE,2020,-5.30487955463876,92703.3335731518,81.33889705,36.4490898642092,19.8131121979571,2.55,3.1612952849781,1.94537
Czechia,CZE,2021,4.02901832055149,98551.0843875464,82.67062427,37.4984794433561,20.5571669474248,2.803,3.83984491500146,1.93302
Czechia,CZE,2022,2.8471706583814,98358.3388438324,84.54009378,37.7136856539825,19.8751046411315,2.224,15.1001651468371,1.89089
Denmark,DNK,2005,2.35960882992528,119275.049032015,82.74,24.7964085612195,4.69109824779351,4.83,1.81781458291254,2.38721
Denmark,DNK,2006,3.81648769908172,121322.670025152,86.65,31.9143454064612,3.9490377025787,3.897,1.92422138464584,2.39875
Denmark,DNK,2007,0.987173815945127,122493.095427824,85.03,34.853130223394,4.03949718329769,3.801,1.69326586220324,2.50921
Denmark,DNK,2008,-0.417178439991005,122130.190571034,85.02,36.5083210709452,3.79347323904744,3.683,3.41626794258374,2.76081
Denmark,DNK,2009,-4.97447905669058,119833.541085516,86.84,36.6222278389614,4.99492435640853,6.409,1.30470991024336,3.04209
Denmark,DNK,2010,1.58289703108802,124390.40800293,88.72,38.076030356193,4.58869451636293,7.746,2.31092436974786,2.91389
Denmark,DNK,2011,1.3108037609606,126082.226824329,89.8100133895232,38.4725380278661,3.81612381618798,7.769,2.7586822605125,2.94198
Denmark,DNK,2012,-0.00543230161670749,126804.63070931,92.2600117153012,38.9767051263458,4.3958472948474,7.798,2.3979148566464,2.9845
Denmark,DNK,2013,1.39267343161971,129024.422568685,94.6297,40.467787039522,5.3120095503728,7.384,0.789071780078062,2.96145
Denmark,DNK,2014,1.27799983192831,129351.923518982,95.9935053764454,41.4926377539648,5.54194445266449,6.925,0.56402054044954,2.91543
Denmark,DNK,2015,2.10441456445301,129772.004340135,96.3305016195436,42.3133095847231,6.0040917792926,6.278,0.452034153691575,3.06422
Denmark,DNK,2016,3.07304549209093,131381.689471592,96.9677852516645,42.9699132415221,6.44246339990486,5.989,0.250000000000031,3.10209
Denmark,DNK,2017,3.05647723922718,133955.657721516,97.0993621555621,43.5697797531659,6.62415632172651,5.833,1.14713216957602,2.93576
Denmark,DNK,2018,1.8600074900921,134405.582271263,97.3192043651002,43.7690892923223,6.55655045251683,5.131,0.813609467455631,2.97895
Denmark,DNK,2019,1.71140093932736,134683.603959107,98.0464347521549,43.6229516711158,7.27922375956897,5.018,0.75813157251162,2.90605
Denmark,DNK,2020,-1.78010601831291,133222.19639743,96.54914573,44.4185659681079,8.5952783460926,5.644,0.420711974110025,2.96533
Denmark,DNK,2021,6.50025445756295,139015.668698768,98.8658506,44.9598379722906,7.06843302671451,5.065,1.85304543989689,2.74323
Denmark,DNK,2022,0.443832614908331,135586.818671405,97.86011812,44.8863644064006,5.68593503155569,4.434,7.6965669988926,2.86709
"Egypt, Arab Rep.",EGY,2005,4.4717444710621,39964.9021210574,12.75,0.17385604745411,2.6422903036346,11.049,4.86939696871988,0.24141
"Egypt, Arab Rep.",EGY,2006,6.84383819369884,40578.2123281624,13.66,0.312605489963574,3.39087049490223,10.49,7.64452644526434,0.25903
"Egypt, Arab Rep.",EGY,2007,7.08782742675582,40881.437709794,16.03,0.566508525981082,4.23648926461887,8.8,9.3189690579923,0.2551
"Egypt, Arab Rep.",EGY,2008,7.15628356711522,43124.100854353,18.01,0.896460596904279,7.34387983252984,8.517,18.3168316831684,0.27024
"Egypt, Arab Rep.",EGY,2009,4.67359980000663,44207.4527751834,20,1.23139297646961,4.70543406537235,9.087,11.7634954386443,0.43312
"Egypt, Arab Rep.",EGY,2010,5.14723485746742,44085.9841017133,21.6,1.62745731673027,4.18238333263326,8.757,11.2651882653185,0.43345
"Egypt, Arab Rep.",EGY,2011,1.76457194806041,46010.9370151902,25.6,2.02567464552925,4.66885410353403,11.849,10.0649259874818,0.53154
"Egypt, Arab Rep.",EGY,2012,2.22619979818487,46662.0675208339,26.4,2.45679305227732,4.97868313210945,12.597,7.11172943343083,0.50899
"Egypt, Arab Rep.",EGY,2013,2.18546605363386,46967.4794957479,29.4,2.80726241263661,5.19672535114859,13.154,9.46971981064921,0.63895
"Egypt, Arab Rep.",EGY,2014,2.91591188052836,47573.4472261953,33.8946039115275,3.14561708192958,4.62379438842613,13.105,10.0702154687481,0.63649
"Egypt, Arab Rep.",EGY,2015,4.37201907781687,49849.1403737471,37.8193834276939,3.84187963570353,4.36874612293335,13.052,10.370490343517,0.71858
"Egypt, Arab Rep.",EGY,2016,4.34664345601914,51041.0895751255,41.2480670885772,4.39685382563749,6.54196677936205,12.45,13.813606214829,0.70848
"Egypt, Arab Rep.",EGY,2017,4.18122099961562,53638.5056045683,44.9502042452857,5.04732016956055,3.49060418831551,11.767,29.5066083940039,0.64486
"Egypt, Arab Rep.",EGY,2018,5.33110861887155,56226.1822781065,46.92433676792,6.26825297386708,3.19169243691063,9.855,14.4014657807422,0.68839
"Egypt, Arab Rep.",EGY,2019,5.55209307084222,58323.0268031645,57.2828663990195,7.04130696004296,3.33885551186603,7.851,9.15279959324804,0.79617
"Egypt, Arab Rep.",EGY,2020,3.55016483883115,60089.4567810438,71.91420096,8.5396308016812,7.12895360965142,7.974,5.04493288977539,0.91564
"Egypt, Arab Rep.",EGY,2021,3.29064601193245,58608.2012342448,72.05599976,9.76582299335252,6.39091622093879,7.441,5.21404940513043,0.91175
"Egypt, Arab Rep.",EGY,2022,6.58784560870467,60860.8730493124,72.19806556,10.6832498285136,5.24298133642435,6.546,13.8956609775178,1.01968
Finland,FIN,2005,2.77730918518017,113493.503526491,74.48,22.3824179644924,14.0483959675577,9.602,0.623874450025224,3.32412
Finland,FIN,2006,4.01957326515895,116343.726492944,79.66,27.1350736112454,14.5372874808915,8.935,1.56666380704379,3.33285
Finland,FIN,2007,5.31280176694145,121253.874485691,80.78,30.5745635514142,14.6654793755656,6.854,2.5106656524034,3.33727
Finland,FIN,2008,0.784431235717051,120158.208944671,83.67,30.4514435922766,35.9400022296898,6.369,4.06595355358383,3.53719
Finland,FIN,2009,-8.07603116552393,113925.62975309,82.49,29.3246343411397,35.6833226309379,8.249,-9.17360424903996e-07,3.73427
Finland,FIN,2010,3.1682879121621,118343.767133862,86.89,29.0751116373162,31.6446806050165,8.394,1.18413523154651,3.70524
Finland,FIN,2011,2.39039455396828,119496.929633524,88.70999491353,29.8056452931485,28.4398038554113,7.781,3.4168075425521,3.62434
Finland,FIN,2012,-1.52284013040689,117397.218120769,89.879997974222,30.4323757921866,25.7088479660064,7.689,2.80833622561574,3.4095
Finland,FIN,2013,-0.979741024949618,117255.673169734,91.5144,31.6268291557372,27.1455916999094,8.193,1.4782861568881,3.28462
Finland,FIN,2014,-0.4780684247837,117525.765772897,86.5303927529377,32.1970293411336,33.1156879265202,8.663,1.0411962117843,3.16344
Finland,FIN,2015,0.466503766322674,118499.405266495,86.4221333325445,31.5690938053918,34.0343753139937,9.376,-0.207928839905177,2.88826
Finland,FIN,2016,2.57193414898754,120803.467844865,87.7036499599455,31.152937083259,30.6355280639736,8.818,0.356684500891695,2.74716
Finland,FIN,2017,3.30337003591039,123870.374877457,87.4689290730615,31.0435197469463,27.1270153378111,8.64,0.754015047084438,2.74723
Finland,FIN,2018,1.19297759742292,121926.512803932,88.8899599985585,31.491717515124,26.1492934094925,7.361,1.08382098409296,2.77601
Finland,FIN,2019,1.34973845741737,122535.018382253,89.6073851129779,32.5439773811208,32.5046739042876,6.695,1.02409392963431,2.81534
Finland,FIN,2020,-2.49103605535707,121064.530593063,92.17027106,33.3838974597133,42.6462644513643,7.759,0.290554555653239,2.93278
Finland,FIN,2021,2.67634641498897,121651.790149241,92.80806082,33.6396818306917,43.4873724776681,7.617,2.19457432339998,3.01133
Finland,FIN,2022,0.763041912763526,119431.792658216,92.98879471,34.2951599474189,35.9452021642606,6.719,7.12350773301412,2.982
France,FRA,2005,1.88856584109286,116068.699855343,42.87,15.368754696955,9.70167850776398,8.882,1.74586936380487,2.05599
France,FRA,2006,2.71406448755236,118414.913863891,46.87,20.4851461497772,9.76102277069856,8.832,1.67512449608726,2.05331
France,FRA,2007,2.53048188351066,119244.035824042,66.09,25.227270073495,8.42688297365174,8.008,1.4879980595386,2.02815
France,FRA,2008,0.380171435849121,118113.340267968,70.68,28.4006786217117,7.13402319452049,7.386,2.81286194914785,2.06363
France,FRA,2009,-2.82455153714783,116073.22490969,71.58,31.457950669807,7.70787955610388,9.122,0.0876204781574653,2.21273
France,FRA,2010,2.00032476039051,118246.591713229,77.28,33.64535986777,6.99246817444758,9.279,1.53112270420919,2.17771
France,FRA,2011,2.43757653729007,120919.272904966,77.8199989926706,35.6937891818337,6.39116570149664,9.228,2.11159795175,2.18761
France,FRA,2012,0.183835264973013,120917.696040329,81.44,37.4345529509644,6.76780005936378,9.841,1.9541953161351,2.22761
France,FRA,2013,0.781756446231,121102.542388199,81.9198,38.7340855946258,6.32715341306055,9.913,0.863715497861804,2.23369
France,FRA,2014,0.997832947295251,123181.733488365,83.7510996681821,40.142215573606,6.64748813576127,10.273,0.50775882293799,2.27173
France,FRA,2015,1.06675474783462,124330.364039763,78.0060377071902,41.387117104083,6.79391396716258,10.354,0.0375143805125182,2.22401
France,FRA,2016,0.860031075424033,124907.32987333,79.2698113207547,42.5277884451476,7.0088538784033,10.057,0.183334861123765,2.22468
France,FRA,2017,2.08361485997399,126319.192445818,80.5024597243607,43.6242593525939,6.76063874125321,9.409,1.03228275064681,2.20422
France,FRA,2018,1.64590872395887,127060.863354141,82.0431867788484,44.4142292018123,7.31391010596127,9.018,1.85081508315493,2.20407
France,FRA,2019,2.02744646419237,128928.445413505,83.3397440866883,45.2765022757908,7.04616007879947,8.415,1.10825492288294,2.19668
France,FRA,2020,-7.44064589948231,119633.985563165,84.70639801,46.471240838575,8.54106478081594,8.009,0.476498852725065,2.2742
France,FRA,2021,6.88233783360239,123998.870932207,86.09548575,47.6442336298287,8.18235699481776,7.871,1.64233141038394,2.21278
France,FRA,2022,2.71676264185913,124988.856698658,85.33331734,48.250226559098,7.18152368744248,7.303,5.22236748369725,2.21937
Germany,DEU,2005,0.885485292551564,115734.753754298,68.71,13.1471417185409,6.80066098981635,11.193,1.54691114751328,2.40266
Germany,DEU,2006,3.86668241523209,117386.643508566,72.16,18.331503899704,7.25583175814957,10.277,1.57742642840563,2.43043
Germany,DEU,2007,2.8891174138025,118445.344222795,75.16,24.2949006391775,7.61049557744087,8.732,2.29834400700951,2.41918
Germany,DEU,2008,0.887902330743628,117899.54521622,78,27.9989131407285,7.87285008013489,7.508,2.62837981637219,2.57152
Germany,DEU,2009,-5.54455451920674,111750.681549055,79,30.8451383310787,8.17579180415509,7.88,0.312739007368447,2.68864
Germany,DEU,2010,4.13463778522758,115222.610294161,82,32.3662636839336,8.86469684618066,7.043,1.1038103778926,2.67632
Germany,DEU,2011,3.75796884489337,119143.913954058,81.26999953602,33.7098845809377,9.03221017911433,5.967,2.07517283735874,2.75016
Germany,DEU,2012,0.463512036709204,118256.041015651,82.3499984738392,34.5501078335304,9.65342295806253,5.372,2.00848884782956,2.82499
Germany,DEU,2013,0.396995583779145,117488.157333218,84.17,35.3423024244517,8.06193778631092,5.316,1.50472330251876,2.78067
Germany,DEU,2014,2.18018602168017,118858.135696295,86.1937006578756,36.3409222955935,6.89297104582556,4.979,0.906794000434246,2.82218
Germany,DEU,2015,1.66300602334775,119687.830046722,87.5897993525767,37.412701768023,7.90651226650453,4.612,0.514426137125456,2.87725
Germany,DEU,2016,2.22222216259371,120498.989392395,84.1652066441212,38.4991067314054,8.54119625243337,4.104,0.491747008445174,2.88393
Germany,DEU,2017,2.797906720551,122675.463922475,84.3941537010844,39.9888046312857,8.97652232797755,3.781,1.50949485109628,2.9886
Germany,DEU,2018,1.13569604599849,122933.390129318,87.037112092841,40.9651498488548,9.23094018156375,3.384,1.73216879766942,3.05057
Germany,DEU,2019,0.977734697038784,122812.78891255,88.1345169091916,42.1155574684512,9.13282868187374,3.163,1.44565976888253,3.11256
Germany,DEU,2020,-4.13191443239947,120283.600429596,89.81294133,43.3048696627,10.7433868234345,3.881,0.144877925813982,3.0897
Germany,DEU,2021,3.90999994204108,124873.256541338,91.43060973,44.0643361489671,10.3615375526681,3.594,3.06666666666673,3.0786
Germany,DEU,2022,1.8092581243061,125725.542138246,91.62984383,44.6186317766404,9.85905983743837,3.137,6.87257438551097,3.07096
Greece,GRC,2005,1.18350635493289,95676.6386879378,24,1.45804690031284,1.51141801376919,10.074,3.54507273335078,0.59224
Greece,GRC,2006,6.44339762487436,99525.4703988672,32.25,4.43151266831837,1.4940362577044,8.906,3.19594684144545,0.57051
Greece,GRC,2007,3.50686976639459,102267.807871358,35.88,9.2114722630097,1.47981639887797,8.351,2.89500321516578,0.58513
Greece,GRC,2008,0.0574740238200775,101121.598619461,38.2,13.6049238449266,1.62309541492753,7.664,4.15279708110293,0.67086
Greece,GRC,2009,-4.11927606715011,97953.3507641896,42.4,17.2543940805553,2.07784323760748,9.546,1.21007269197809,0.63414
Greece,GRC,2010,-5.6937412158003,95319.8058500397,44.4,20.2491669415812,2.30300659080194,12.719,4.71298907760388,0.60491
Greece,GRC,2011,-9.87677875300243,92857.2278966765,51.6499951676815,22.183064232426,2.413757525074,17.973,3.3298532335065,0.6837
Greece,GRC,2012,-8.33113421099992,93763.3974035961,55.0699934418411,24.3424643325153,2.44427631812253,24.731,1.50152696177758,0.71953
Greece,GRC,2013,-2.27211699888024,96671.9000500723,59.8663,26.5619364050644,2.70225498598618,27.686,-0.921269454256994,0.82288
Greece,GRC,2014,0.792225060962835,97329.1412009683,63.2073404784561,28.9729450556431,2.78819199181354,26.708,-1.31226096405506,0.84553
Greece,GRC,2015,-0.228301892172851,95437.6735019442,66.8349594911035,31.7813956931321,2.54373736508979,24.981,-1.73588804765284,0.9716
Greece,GRC,2016,-0.0317947678412054,94012.204187455,69.0879154723892,33.5485838991847,3.0476657063077,23.514,-0.825653978390973,1.00556
Greece,GRC,2017,1.47312472702352,93242.6073349121,69.8929706543154,35.1351318678243,2.96107029638798,21.413,1.12125452031419,1.1492
Greece,GRC,2018,2.06467207892409,93072.9758937248,72.2383733920483,36.9203391643751,2.79377060859122,19.179,0.62562141345364,1.2066
Greece,GRC,2019,2.27718065334808,92661.4517378883,75.6712066931757,38.3565690069278,2.72797945005126,17.045,0.253007522038157,1.26236
Greece,GRC,2020,-9.19623149726978,84377.6707609109,78.11584474,39.7876360746134,4.32328317303948,15.899,-1.24798355581405,1.48872
Greece,GRC,2021,8.65449786002131,90786.8946661802,78.49426371,41.9213046741732,3.4398427573498,14.656,1.22382501019854,1.43353
Greece,GRC,2022,5.52198580589408,91630.2040096918,83.17066333,42.923040428409,2.63173094478849,12.426,9.64525981280632,1.47714
"Hong Kong SAR, China",HKG,2005,7.38815395153696,98033.4291863815,56.9,24.0153631345565,2.00293570669545,5.58,0.826446280991827,0.77343
"Hong Kong SAR, China",HKG,2006,7.03264766297669,102678.650464985,60.8,25.9156929141015,1.69676456050393,4.77,2.00025160397534,0.79469
"Hong Kong SAR, China",HKG,2007,6.46482809096842,106931.545052529,64.8,27.2391339117487,1.29219176045865,4.01,2.03502713369511,0.75161
"Hong Kong SAR, China",HKG,2008,2.12793685154209,108476.203722047,66.7,27.5683056178674,1.76803191315058,3.56,4.30315484104921,0.71996
"Hong Kong SAR, China",HKG,2009,-2.45909150468412,107165.531712815,69.4,29.0662267938968,1.97682810369792,5.26,0.579441418472608,0.77342
"Hong Kong SAR, China",HKG,2010,6.76770683250318,114094.30214199,72,30.5242313123898,2.27264365931952,4.329,2.29289088604673,0.74946
"Hong Kong SAR, China",HKG,2011,4.81466801092733,116156.190098598,72.19999695,32.1854914692348,2.40011888418984,3.422,5.3052489299392,0.72086
"Hong Kong SAR, China",HKG,2012,1.70032214482865,115636.239124063,72.9,31.3153714431804,2.43861759997194,3.285,4.05390950903844,0.72733
"Hong Kong SAR, China",HKG,2013,3.10155262780289,117371.359001218,74.2,30.7698227022845,2.51697969136234,3.4,4.33799342105267,0.73017
"Hong Kong SAR, China",HKG,2014,2.76241378329884,119930.356468086,79.8662704309064,31.1670836577521,2.63818274813773,3.296,4.42364532019699,0.74014
"Hong Kong SAR, China",HKG,2015,2.38780116013344,121397.983667787,84.9483529634062,31.8721510032907,2.72290689492076,3.314,2.99084819322581,0.76183
"Hong Kong SAR, China",HKG,2016,2.17544820327555,123445.315715297,87.47941467087,35.4484942649915,2.89450613767091,3.392,2.40930743862224,0.7915
"Hong Kong SAR, China",HKG,2017,3.79610937243891,126739.220423746,89.4159446487565,35.7032493826975,2.72153806606637,3.124,1.49387243939522,0.83519
"Hong Kong SAR, China",HKG,2018,2.84690922660509,128537.319413854,90.5073953294283,36.3352765300968,2.60869984820647,2.805,2.40613432046534,0.8633
"Hong Kong SAR, China",HKG,2019,-1.67242865968056,126827.894663683,91.7434003891587,37.4680746099321,3.03099506639792,2.917,2.88320853773996,0.92557
"Hong Kong SAR, China",HKG,2020,-6.54479640529367,124435.160528921,92.41313602,38.5246390800823,4.95383855500041,5.808,0.2509620210808,0.99236
"Hong Kong SAR, China",HKG,2021,6.45443038333934,133018.795978632,93.08715788,39.2188975738319,4.75248305208723,5.174,1.56875834445922,0.97026
"Hong Kong SAR, China",HKG,2022,-3.68528359281325,129854.626076979,95.61357052,39.9517808600821,4.78802732568447,4.318,1.88136707196853,1.07293
Hungary,HUN,2005,4.30028318461673,67716.0921329329,38.97,6.4743496382668,5.1345651641558,7.189,3.56151711378352,0.92043
Hungary,HUN,2006,3.93393162712054,70418.6963193368,47.06,11.9323064817383,6.0192087264025,7.494,3.93032603841001,0.97835
Hungary,HUN,2007,0.332354337878925,70666.9590524309,53.3,14.4957057357115,7.00201743505016,7.406,7.9587451654491,0.95488
Hungary,HUN,2008,0.993437085479655,71859.2359839734,61,17.6762965927654,8.39209989324928,7.817,6.0425125388106,0.97817
Hungary,HUN,2009,-6.7401660845502,69476.1719293908,62,19.7645064510111,8.84707445655135,10.03,4.21171171171171,1.13027
Hungary,HUN,2010,1.06795068152046,70577.4869131584,65,21.639373536508,8.42737470630229,11.172,4.85555795691956,1.13102
Hungary,HUN,2011,1.91670916599742,71567.1478167296,68.0199878861296,23.2549245597223,7.48824244733023,11.029,3.9299209893507,1.18116
Hungary,HUN,2012,-1.33948446518181,70028.049347327,70.579998153838,24.1618038721448,7.85471352941151,11.003,5.65214517088646,1.25758
Hungary,HUN,2013,2.03216990678146,70239.3010309016,72.6439,26.2621916555453,8.24234511975528,10.177,1.73319984983101,1.38449
Hungary,HUN,2014,4.33435364113967,69703.99471236,75.6531974544103,26.164233392363,8.1407956219326,7.725,-0.227566270988219,1.3437
Hungary,HUN,2015,3.65981615406955,70294.0129747085,72.8347370323805,27.6322359587573,8.09225921046271,6.813,-0.0616446800641672,1.33884
Hungary,HUN,2016,2.43864141309342,69667.143503561,79.2594121273057,28.6887907811727,7.96515934133068,5.115,0.394769306686392,1.17645
Hungary,HUN,2017,4.12418389451805,71409.3834324741,76.7505471201922,30.2136178819417,9.07091923194127,4.156,2.34824281150154,1.31498
Hungary,HUN,2018,5.60613813768876,74593.7527824983,76.0743606365063,31.5062908247816,9.38368201696507,3.667,2.85024792594646,1.50196
Hungary,HUN,2019,5.07718495088933,78041.4882076721,80.3716936050482,32.6466329851573,9.37219939426178,3.411,3.33858635382008,1.46473
Hungary,HUN,2020,-4.33872540024058,75538.4125594148,84.77115202,33.4922037196533,12.6951967726595,4.248,3.32674385766738,1.58067
Hungary,HUN,2021,7.22291580811137,80222.8495391912,88.64083466,34.8391868436369,11.5100951172798,4.021,5.11096534382855,1.63327
Hungary,HUN,2022,4.15238057779229,82350.8735999866,89.14282688,36.5338104764554,11.1792721339774,3.583,14.6081439492433,1.39056
Ireland,IRL,2005,5.73978202625278,127349.536725987,41.61,7.76120236306351,36.6009192451078,4.237,2.45654692931639,1.19197
Ireland,IRL,2006,4.98785364537615,129117.755856954,54.82,13.1583324314359,36.171432517441,4.355,3.93576114001354,1.19887
Ireland,IRL,2007,5.31011830898613,131766.33847415,61.158324551,17.2691420282585,37.6159344324545,4.98,4.88574537540802,1.23409
Ireland,IRL,2008,-4.48407081043062,127221.865314917,65.34,19.8672135236767,40.3216701930872,6.774,4.03568834941391,1.39126
Ireland,IRL,2009,-5.09578277913846,131686.634821814,67.38,21.5358272794807,41.1838436038914,12.609,-4.44754686876746,1.61371
Ireland,IRL,2010,1.68297175486512,140005.935137074,69.85,22.3721452573765,42.5346393532131,14.534,-0.918388645376774,1.59425
Ireland,IRL,2011,1.60886648916944,145052.970544476,74.8899729670944,23.3814204815178,42.5799783511968,15.354,2.5489783020855,1.53761
Ireland,IRL,2012,-0.40502941658977,145055.10042283,76.919992540097,24.1750019347271,39.6988584403303,15.451,1.69474116680366,1.5455
Ireland,IRL,2013,2.1929375750029,143810.847287672,78.2477,25.7144376937159,35.9225176367128,13.735,0.515099484900573,1.53562
Ireland,IRL,2014,9.38579335130922,153202.978668941,83.4917223351728,27.0221858517779,37.1668456888198,11.858,0.190916398713745,1.47756
Ireland,IRL,2015,24.6239856364006,184540.719749263,83.4947916666667,27.8462651784045,36.4307317664109,9.908,-0.330959783371788,1.14062
Ireland,IRL,2016,1.22271661130947,179957.907602875,83.5,28.6147710435862,36.9931798259593,8.374,0.0201247735963237,1.14954
Ireland,IRL,2017,10.1088576065965,192115.518489783,84.1140070623844,29.0794615926246,36.9892030355091,6.713,0.362173038229378,1.20821
Ireland,IRL,2018,7.68865937437435,200462.751157372,87.0001401148942,29.3513301848147,46.6300708670921,5.741,0.471130713712916,1.08244
Ireland,IRL,2019,4.97288003766816,204097.394157554,87.0000552425146,29.6453160652366,49.596067445168,4.95,0.937842961189274,1.13733
Ireland,IRL,2020,7.15369505735335,220974.944666443,91.99989097,30.4353384554187,50.5106042948135,5.623,-0.326183651280033,1.12466
Ireland,IRL,2021,16.2581881158197,244556.553641149,93.50610352,31.3616427884193,56.5709787477705,6.357,2.34034113447044,1.0732
Ireland,IRL,2022,7.51113888415304,248055.707191765,95.03690338,31.5362809040128,55.2127279509525,4.465,7.82945736434105,1.53215
Israel,ISR,2005,4.35256427740218,84732.9737910155,25.19400024,18.2756889429366,28.314897893698,11.342,1.34070328119492,3.91123
Israel,ISR,2006,5.59106550120008,86640.6753754663,27.8810997,20.7626147861378,30.2719083170335,10.707,2.05407914587443,4.01416
Israel,ISR,2007,6.31307137087018,88367.5040568659,48.1280621948445,21.9534632539815,29.5122632768417,9.379,0.466226972936065,4.28533
Israel,ISR,2008,3.2158134842205,87934.5348832829,59.39,23.7765120816873,29.6141128259801,7.704,4.52744765138651,4.24165
Israel,ISR,2009,1.22017480850096,88636.0846273163,63.12,23.9103114918258,33.4445285416608,9.534,3.3676231727125,4.01799
Israel,ISR,2010,5.54470607068944,90376.2913308271,67.5,24.0161325167121,35.3467349909934,8.48,2.70270270270273,3.8421
Israel,ISR,2011,5.51341969081251,92703.854376527,68.8738779907441,25.1508929901568,39.7345752503677,7.139,3.48837209302323,3.91608
Israel,ISR,2012,2.40993765217618,89754.0123972354,70.8,25.460778308521,40.3559148020794,6.762,1.67553715750052,4.06028
Israel,ISR,2013,4.09013743330735,91361.7907847779,70.250311945,25.8472324040417,36.9158985515544,6.137,1.58976347421476,4.10651
Israel,ISR,2014,3.718144149431,91934.9436639188,75.0177531628076,26.9843193373229,42.040455381079,5.789,0.467557251908503,4.19613
Israel,ISR,2015,2.23599889603805,91676.608936646,77.3520896572253,26.9840410445519,44.0915379294443,5.176,-0.617342577642765,4.29761
Israel,ISR,2016,4.53601939236572,93418.1280814176,79.6531241815281,27.5030283172787,48.2150757275074,4.723,-0.535168195718695,4.59051
Israel,ISR,2017,4.34394518932547,95227.5902433789,81.5811835871611,28.00833361537,42.3964779719851,4.14,0.249807840123008,4.74032
Israel,ISR,2018,4.05349952888294,96997.4041628571,83.7331569615326,28.6131707306182,46.1277501635694,3.917,0.805060379528526,4.91965
Israel,ISR,2019,3.57898762923605,98930.2179058941,86.7878776180583,28.6567652412239,50.8154042813676,3.731,0.817645940292794,5.35528
Israel,ISR,2020,-1.80206927953466,98166.22145384,90.12734091,29.5678161933081,62.4761560624935,4.169,-0.575254620897756,5.83209
Israel,ISR,2021,9.33534690236249,106265.957071624,90.29689758,29.7078785417387,57.8514755887662,4.812,1.47965474722561,5.75725
Israel,ISR,2022,6.36407234798706,106933.210194561,91.85079615,29.1676695245416,54.8894254416436,3.695,4.41162725488371,6.17831
Italy,ITA,2005,0.762410677306491,133079.562274572,35,11.6579729835562,7.22809237417739,7.73,1.9852929852798,1.04057
Italy,ITA,2006,1.79947992234244,133599.823357692,37.99,14.4626057407447,7.41079722490309,6.777,2.09084391012754,1.07903
Italy,ITA,2007,1.46229205289291,134494.832108608,40.79,17.1245900774031,7.51581150371203,6.076,1.82974112202403,1.12421
Italy,ITA,2008,-1.02313851177097,132053.366724573,44.53,18.9320738480128,7.25630832823595,6.723,3.34783258401022,1.15548
Italy,ITA,2009,-5.30515401233991,127384.927121217,48.83,20.1731687077376,7.54007596232108,7.749,0.774768131387381,1.21261
Italy,ITA,2010,1.52910573247101,130400.840172424,53.68,21.7704634480966,8.02972201622299,8.363,1.52551602118248,1.21296
Italy,ITA,2011,0.695463154440176,131113.625450201,54.3899983018814,22.393878996579,7.61005440253475,8.359,2.78063272879323,1.19531
Italy,ITA,2012,-3.12523877282996,127403.878180522,55.829997993283,22.7375144996784,7.17698692124142,10.655,3.04136333226775,1.25559
Italy,ITA,2013,-1.81802510749792,127703.119582524,58.4593,23.1031860985354,6.54231482956202,12.149,1.21999342274306,1.29425
Italy,ITA,2014,-0.00138761730454462,127704.332531807,55.6384602242293,23.7083714537202,7.56118996592981,12.683,0.241047429826756,1.33148
Italy,ITA,2015,0.885667635240807,127989.523015079,58.1417349568747,24.5977602494059,7.44651008785486,11.896,0.0387903996579733,1.33213
Italy,ITA,2016,1.23622108511661,127855.903439134,61.3242527666303,25.7337403103573,7.43773644517251,11.688,-0.09401665691575,1.35915
Italy,ITA,2017,1.60369995294101,128328.067500085,63.0773469984291,27.4652917045411,7.02770317929613,11.211,1.22653316645812,1.36393
Italy,ITA,2018,0.826646712344115,128115.583688426,74.3871829234822,28.4648521996575,7.6408176219846,10.538,1.13748763600391,1.41934
Italy,ITA,2019,0.429162533780342,127844.962730741,67.8507102874836,29.0544644701951,7.33113323729912,9.884,0.611246943765304,1.45558
Italy,ITA,2020,-8.86822122185345,119219.509149299,70.48342785,30.2586365187027,10.3627859322049,9.192,-0.13770757391651,1.49869
Italy,ITA,2021,8.93106210800055,130053.456175498,74.8623274,31.2852927413407,8.08266694485449,9.497,1.87378325762481,1.41065
Italy,ITA,2022,4.82117669913565,132513.138774295,85.06074504,31.19136706407,6.72211672650511,8.069,8.20128991161718,1.36563
Japan,JPN,2005,1.8482813374834,83830.0698411506,66.9210661042901,18.2163227241445,1.49163891695832,4.446,-0.282946068764391,3.13092
Japan,JPN,2006,1.54630843078741,84756.1639921984,68.6852703213795,20.6558091050193,1.28206563320585,4.192,0.249355116079085,3.22766
Japan,JPN,2007,1.72837912865577,85815.2063177684,74.3,22.0965845880481,1.2502235980335,3.888,0.060039454498669,3.29257
Japan,JPN,2008,-1.16662209355141,85151.3670061626,75.4,23.5007969584566,1.13404122224672,4.002,1.3800788616492,3.29224
Japan,JPN,2009,-5.9359411383964,81329.4499483417,78,25.6358294679867,1.26471443187419,5.068,-1.35283672951719,3.1959
Japan,JPN,2010,4.13645589222239,85030.0471450201,78.21,26.6035065260031,1.3240095934987,5.102,-0.728243207517779,3.10495
Japan,JPN,2011,-0.20035785332982,84916.1426567803,79.0541135244739,27.8666731326287,1.39085389334648,4.55,-0.27245561610124,3.20537
Japan,JPN,2012,1.64893452981225,86534.2000660858,79.4964,28.2442659182057,1.6951153867852,4.358,-0.0440645104432602,3.1737
Japan,JPN,2013,1.99727653399265,87640.8295871417,88.219428911,28.9051021054089,1.99846905597079,4.038,0.335037912184741,3.27895
Japan,JPN,2014,0.905915486065865,87727.1296226017,89.1068330166075,29.6414897863191,1.95285145943789,3.589,2.75922671353253,3.36788
Japan,JPN,2015,1.79997735783475,88998.1001873436,91.0580283929962,30.5419859940146,1.99904019843306,3.385,0.795279630579839,3.24071
Japan,JPN,2016,0.704986495111257,88588.3724043036,93.1827212821617,31.3035556297124,2.19612409842726,3.132,-0.127258844489754,3.10665
Japan,JPN,2017,1.62345062245441,89014.6724930407,91.7265472366635,31.8990791226107,2.70981928379376,2.822,0.484199796126385,3.16636
Japan,JPN,2018,0.834143845965585,87964.7690820667,88.7463508901772,32.6965336498031,2.51864696560354,2.467,0.989094598021848,3.2192
Japan,JPN,2019,-0.308496921143259,86795.2728642712,92.7303978145525,33.545921250597,3.55938118314782,2.351,0.46877615938395,3.21824
Japan,JPN,2020,-4.28327942675573,83657.855836864,90.21945812,34.8370612448992,6.23382531768655,2.809,-0.024995834027731,3.26556
Japan,JPN,2021,3.56419531474475,86719.9475102575,82.91407928,35.9391724358064,6.14148347525091,2.808,-0.233352779398264,3.27383
Japan,JPN,2022,1.33164750653741,87268.6309096929,84.92343147,36.8414210393741,6.57426471119376,2.614,2.49770278172255,3.40053
Kazakhstan,KAZ,2005,9.69999999922682,42872.8048423343,2.961699963,0.0187623875751912,3.40577763972726,8.13,7.57999929125766,0.28361
Kazakhstan,KAZ,2006,10.7,46635.607274804,3.268399954,0.189397279485058,2.90695057183962,7.79,8.72169386091726,0.24281
Kazakhstan,KAZ,2007,8.89999999999405,49521.6148658562,4.02,1.66307708073474,2.50887678622302,7.26,10.8468362075557,0.20884
Kazakhstan,KAZ,2008,3.30000000021091,49898.2640232676,11,2.0533862152829,2.38570365761077,6.63,17.139899777207,0.21654
Kazakhstan,KAZ,2009,1.19999999942873,50101.6601860528,18.2,3.4738228019682,3.03587211988268,6.55,7.31607858288578,0.22924
Kazakhstan,KAZ,2010,7.30000000329814,52882.2010454705,31.6,5.16487386862476,2.27210399113183,5.77,7.40046356341396,0.15341
Kazakhstan,KAZ,2011,7.40000000144188,56152.9286815541,50.6,6.99285046374658,2.39075201717574,5.39,8.4529046617679,0.15349
Kazakhstan,KAZ,2012,4.79999999528297,58402.7841472711,61.9066274652008,9.46082267148947,2.28989872813297,5.29,5.19568369035073,0.16525
Kazakhstan,KAZ,2013,5.99999999671084,61455.9155997443,63.30422443,11.1572510287072,2.3556620196074,5.2,5.94283871648418,0.17132
Kazakhstan,KAZ,2014,4.20000000566705,63538.8940759052,66,12.0563854922617,2.09293369892105,5.06,6.84944977003358,0.16722
Kazakhstan,KAZ,2015,1.20000000053288,63793.7982430552,70.82993359566,12.7238359694604,2.31165485004928,4.93,6.67828585615236,0.16951
Kazakhstan,KAZ,2016,1.09999999910173,64036.0030587928,74.5877264735738,12.7965104881396,2.0438041330492,4.96,14.3610942386248,0.14179
Kazakhstan,KAZ,2017,4.10000000257358,66043.9551373836,76.4267482325439,13.8114386119057,1.78551447032008,4.9,7.44266321306792,0.12667
Kazakhstan,KAZ,2018,4.09999999309841,68057.4563237596,78.9039190578816,13.0002402717791,1.67294760427611,4.85,6.16366247577762,0.11683
Kazakhstan,KAZ,2019,4.50000000091883,70309.8634276871,81.8776204746284,13.0799490149564,1.69729360472721,4.8,5.33356098916669,0.11841
Kazakhstan,KAZ,2020,-2.49999999628,68707.8849610004,85.94259898,13.4502836627046,2.78310459528665,4.89,6.71815454861458,0.12602
Kazakhstan,KAZ,2021,4.29999999729456,71330.2255758295,90.9239507,13.946795830528,3.23347992448331,5.568,8.04147134028401,0.13023
Kazakhstan,KAZ,2022,3.19999999970734,71292.6151577871,92.29685266,14.4739535470844,5.82621096436596,4.86,15.0278644440851,0.11715
"Korea, Rep.",KOR,2005,4.35823667337156,68541.3421461482,73.5,25.4760546993955,0.583524774574229,3.482,2.75379162735039,2.42725
"Korea, Rep.",KOR,2006,5.24500550580342,71215.7179912572,78.1,29.2516487032032,1.27148670455343,3.254,2.24234028518921,2.61516
"Korea, Rep.",KOR,2007,5.8419633918717,74452.2643040518,78.8,30.5325293113359,1.2590144651534,3.013,2.53457382137932,2.75895
"Korea, Rep.",KOR,2008,3.00440451679569,76144.1719171651,81,32.0017644786606,1.03937156627353,2.959,4.67389655533408,2.86774
"Korea, Rep.",KOR,2009,0.81986175641795,76906.3217081867,81.6,33.675976694352,1.21696192375929,3.363,2.7564965449393,3.02145
"Korea, Rep.",KOR,2010,6.98166138853071,81146.2680327721,83.7,35.2563205089625,1.2432985688745,3.324,2.93928652655686,3.17913
"Korea, Rep.",KOR,2011,3.6880320602952,82206.9322488938,83.7591201534472,36.353305205381,1.45616648465046,2.992,4.0259650043609,3.44409
"Korea, Rep.",KOR,2012,2.54766550568242,82709.1064199138,84.07,36.8000321131758,1.47167334242827,2.812,2.18707104433314,3.6852
"Korea, Rep.",KOR,2013,3.2913959543442,84089.4847842006,84.77,37.4217663483917,2.08799100307576,3.067,1.30134754547413,3.77487
"Korea, Rep.",KOR,2014,3.21468019683108,84589.8305306042,87.5568264944747,37.9883114555998,2.67545886009492,3.082,1.27477446401322,3.88983
"Korea, Rep.",KOR,2015,2.92029267301234,86160.4465540407,89.8962557995106,39.2759563055891,3.5916413158753,3.546,0.70633177245575,3.78907
"Korea, Rep.",KOR,2016,3.17152748983935,88154.2542653821,92.8430256796075,40.0712454963259,3.92251376713839,3.65,0.971685739912168,3.78638
"Korea, Rep.",KOR,2017,3.433191763972,90163.5046416164,95.0694218761004,41.1680978249153,5.1052771810442,3.653,1.94433230786366,4.07341
"Korea, Rep.",KOR,2018,3.17611568177327,92692.6222352801,96.0228595797887,41.2189959375994,6.37563598659304,3.824,1.47583935002645,4.27155
"Korea, Rep.",KOR,2019,2.31380210595475,93750.5460589006,96.157579184239,42.0373507524342,7.38567145838409,3.746,0.383000303608136,4.36379
"Korea, Rep.",KOR,2020,-0.700242317542106,93905.8652726407,96.50506052,43.0540600860627,10.1487956594415,3.931,0.537288023411737,4.5214
"Korea, Rep.",KOR,2021,4.61296795454287,97284.8428897318,97.57132698,44.2526082339633,12.3007370140488,3.639,2.49833333333339,4.59673
"Korea, Rep.",KOR,2022,2.72756456708991,96960.0305578976,97.16855335,45.4542124182774,10.9135787581539,2.857,5.08951365062842,4.84753
Kyrgyz Republic,KGZ,2005,-0.175515404044219,9728.8192393761,10.53380013,0.0436876659731027,2.93571889354935,2.816,4.3386739184431,0.19861
Kyrgyz Republic,KGZ,2006,3.10289874199981,9914.23572337947,12.30690002,0.0522863147102303,3.02415071937626,2.962,5.55212333162542,0.23014
Kyrgyz Republic,KGZ,2007,8.54287477507607,10787.3792377419,14.03,0.0586257153654706,1.91571434993065,3.094,10.2301032660484,0.23425
Kyrgyz Republic,KGZ,2008,8.40161604861429,11714.6507492096,15.69999981,0.356236382830574,2.19636322019599,3.207,24.5201024234102,0.19017
Kyrgyz Republic,KGZ,2009,2.88629457537731,11893.0153127238,16,0.32150754898984,1.64229395829189,3.343,6.83656248105368,0.15997
Kyrgyz Republic,KGZ,2010,-0.471566596791618,11622.1544371662,16.29999924,0.419774276411519,3.80589430154291,3.503,7.96772225579684,0.15547
Kyrgyz Republic,KGZ,2011,5.95627429693504,11999.3852454641,17.5,0.697823858461874,1.92555635668833,3.644,16.6363262731495,0.15633
Kyrgyz Republic,KGZ,2012,-0.0881501998439376,12186.8630014107,19.79999924,0.958725846433585,1.32425226269722,3.786,2.76844236540957,0.1661
Kyrgyz Republic,KGZ,2013,10.9154694528045,13993.0293239723,23,2.34937399187793,2.04836843646769,3.881,6.61375202358082,0.14914
Kyrgyz Republic,KGZ,2014,4.02403863083252,14165.4812461089,28.29999924,2.89414662041846,2.30203827971478,4.02,7.5342472977589,0.12536
Kyrgyz Republic,KGZ,2015,3.87582544512439,14394.2018013212,30.24699974,3.52424456195573,4.96775874650017,4.138,6.50331838993384,0.11903
Kyrgyz Republic,KGZ,2016,4.33585592190116,14841.1748955409,40.52619934,3.94326755245428,7.79794290265436,4.294,0.388838296895799,0.11121
Kyrgyz Republic,KGZ,2017,4.73993722377884,15900.7135630798,50.80530167,4.14801893845004,4.77977141400408,4.425,3.1753098637994,0.10707
Kyrgyz Republic,KGZ,2018,3.75791013557165,15763.7175147817,62.8,3.95179108798669,2.62065782659084,4.559,1.54266145238436,0.10107
Kyrgyz Republic,KGZ,2019,4.60062565707598,16229.0879298983,64.1,4.14366414717506,1.35827259512522,5.45,1.13362257718804,0.08535
Kyrgyz Republic,KGZ,2020,-7.14897757727955,15305.2179510286,72,4.33664358791982,3.21669860474763,5.945,6.32542296338078,0.08356
Kyrgyz Republic,KGZ,2021,5.50700762671923,15294.6337361625,77.11769867,4.43257724274204,2.59326067970471,5.149,11.9050398185147,0.07102
Kyrgyz Republic,KGZ,2022,8.96750520041391,16240.3111983941,84.1937027,5.60484304582026,2.75665664879662,4.767,13.9229093174176,0.06922
Lithuania,LTU,2005,7.7314467577492,55947.2249100852,36.22,7.04582990569982,3.07739910041214,8.325,2.65848484065262,0.74799
Lithuania,LTU,2006,7.39548122468629,60112.0893435523,43.9,11.2763501710192,2.49165398112283,5.78,3.73912004060664,0.79381
Lithuania,LTU,2007,11.0779282578673,65723.4016325074,49.9,17.3002567947876,2.60771001460928,4.25,5.73717382799842,0.80111
Lithuania,LTU,2008,2.59946154605602,68452.075549412,55.22,18.4494764858694,2.67583546053118,5.826,10.9258856241655,0.78876
Lithuania,LTU,2009,-14.8386117894848,63335.892714488,59.76,20.0356658048958,3.42090178049084,13.785,4.45304456518535,0.82848
Lithuania,LTU,2010,0.427199566550769,67930.3405108822,62.12,21.9297095928618,3.1852304296309,17.814,1.31921362055463,0.79379
Lithuania,LTU,2011,6.32363664821298,70717.5530378822,63.6399774002179,24.0272372898481,2.76550010121848,15.39,4.13027562645085,0.90998
Lithuania,LTU,2012,4.38290584355157,72514.9573776177,67.2299893276414,25.7287935833036,3.10421782022652,13.365,3.08998277055417,0.8976
Lithuania,LTU,2013,4.04691318575325,74392.0258335211,68.4529,28.2656607039035,2.89118014335209,11.77,1.04747937065344,0.95322
Lithuania,LTU,2014,3.7725437958099,75606.3637163723,72.1335378644566,27.337779493026,3.63616908720654,10.698,0.103758009433708,1.03495
Lithuania,LTU,2015,2.83280643343234,76830.2510506492,71.3780590101754,28.6774149586821,4.00268361488487,9.12,-0.884097405500596,1.04077
Lithuania,LTU,2016,2.67192215053329,77328.8049988017,74.3766455618662,29.8964138705034,4.39147149461555,7.862,0.905525075460342,0.84391
Lithuania,LTU,2017,4.61224310312809,80932.9829470291,77.6152565124514,28.2319064734089,5.85937222057305,7.073,3.72288862303707,0.8963
Lithuania,LTU,2018,4.91836780106811,83626.5807687992,79.7225827680518,28.1444849879285,5.83465114828968,6.147,2.69792779208394,0.92781
Lithuania,LTU,2019,4.67735183530451,87212.9116317847,81.5818683764046,28.2791627222047,5.73535286188464,6.255,2.33450937988027,0.98701
Lithuania,LTU,2020,0.0428158336981426,88567.3446217014,83.05554724,28.4988545174577,8.76929286245302,8.487,1.19989444983569,1.12379
Lithuania,LTU,2021,6.39481772930206,93426.5590611654,86.93054425,28.712701575387,9.14795158011901,7.112,4.68354420903453,1.10044
Lithuania,LTU,2022,2.46532013155011,93042.4661731254,87.72420219,28.4400438919259,10.0533488261885,5.955,19.7050461518394,1.05289
Luxembourg,LUX,2005,2.48250499371829,291037.116403512,70,15.0635095613532,8.3240252109255,4.488,2.48769665164081,1.55873
Luxembourg,LUX,2006,6.01662739677904,303820.988272191,72.51,20.9213603853946,6.98427867294224,4.731,2.66631494577077,1.64886
Luxembourg,LUX,2007,8.09852098069817,320335.617919495,78.92,26.7932621233889,4.86489234804287,4.065,2.31245861786126,1.57165
Luxembourg,LUX,2008,-0.302272983306707,316066.792177077,82.23,29.2848524509704,5.08815981859711,5.06,3.4018796302557,1.54663
Luxembourg,LUX,2009,-3.23895268839308,288244.449682648,87.31,31.3376302472766,6.62315657004845,5.194,0.368041997888867,1.58839
Luxembourg,LUX,2010,3.76040578658925,292715.153536259,90.62,33.1818450562661,6.37610622550113,4.423,2.27367911621542,1.42373
Luxembourg,LUX,2011,1.0442860057217,291203.630476053,90.0298585646936,32.7339447418355,6.56732955016511,5.122,3.4106834106835,1.42453
Luxembourg,LUX,2012,1.64971134354685,281184.76785921,91.9499237417387,31.9617588949556,6.15276623899802,5.03,2.66284165508011,1.20664
Luxembourg,LUX,2013,3.17168513780955,284411.101981563,93.7765,32.4834270107517,6.64003162624892,6.045,1.73403963519162,1.23381
Luxembourg,LUX,2014,2.62308838097542,282334.4892986,94.6702052774766,33.580271770101,5.88953860909274,6.044,0.628543985440717,1.217
Luxembourg,LUX,2015,2.26836572735107,279422.498449427,96.3767141704759,34.2910720305652,4.58251873999333,6.796,0.474743161437871,1.25226
Luxembourg,LUX,2016,4.97819047122638,289658.487858975,98.1366986657616,34.8068400324932,4.61205091260266,6.669,0.290833333333225,1.2669
Luxembourg,LUX,2017,1.31711942298405,284157.533322052,97.3629603241751,35.9768313229784,4.29270526977272,5.523,1.73079959118896,1.23898
Luxembourg,LUX,2018,1.61129891211624,280476.761881628,97.061298705829,36.8853200372964,4.0608407464639,5.589,1.5281952430737,1.17039
Luxembourg,LUX,2019,2.74932091920692,278812.238877773,97.120635693272,37.3611453762962,3.84135632614271,5.592,1.74332075653848,1.18209
Luxembourg,LUX,2020,-0.510051634039826,275813.636689559,98.45962893,37.2960860898482,3.70696242087601,6.766,0.819957302127036,1.09627
Luxembourg,LUX,2021,6.92973270801744,280240.207430893,98.66086333,38.0399641403524,3.42411872287592,5.571,2.52692009066166,1.03153
Luxembourg,LUX,2022,-1.09741256293819,271034.17186228,98.24203749,38.3269581349215,3.81114917676043,4.588,6.33600807777919,1.0653
"Macao SAR, China",MAC,2005,8.07794929953978,171448.283113668,34.86289978,13.7320325951584,0.716241826050983,4.158,4.39589284335674,0.0876
"Macao SAR, China",MAC,2006,13.3921711919351,176257.987311103,46.4,18.1262985334557,0.620274439479871,3.822,5.14997337750692,0.0829
"Macao SAR, China",MAC,2007,14.4817728129028,182408.596726307,47.32699966,21.1570532765306,0.739210666965602,3.269,5.57149689143952,0.05684
"Macao SAR, China",MAC,2008,3.39251560752048,176413.822249026,49.24,22.683746011606,0.663461298056931,2.999,8.61101858637,0.10106
"Macao SAR, China",MAC,2009,1.29837946885112,179626.26598566,54,22.9564881898075,0.461107290119625,3.58,1.16906695453767,0.05407
"Macao SAR, China",MAC,2010,25.1031075246958,220394.342509282,55.198,23.4682999115148,0.392662765428475,2.84,2.80947242060843,0.05012
"Macao SAR, China",MAC,2011,21.6223064381087,256501.994909035,60.2036967182195,23.914716494711,0.250947105361769,2.56,5.80624616691043,0.04427
"Macao SAR, China",MAC,2012,9.21747479596735,269955.389749936,61.31,24.6143475315178,0.178252254654855,1.97,6.10738928336549,0.04789
"Macao SAR, China",MAC,2013,10.7816711590297,286887.510176009,65.8,25.3524467091891,0.126722244244377,1.82,5.50057779178484,0.05117
"Macao SAR, China",MAC,2014,-2.03874227961819,265959.818078915,69.7809492200465,26.4618944001678,0.12311608427923,1.67,6.04823452094076,0.08776
"Macao SAR, China",MAC,2015,-21.7540078753246,203840.116798123,77.6001318608868,27.3135223143179,0.159293751848664,1.81,4.56056338028173,0.13649
"Macao SAR, China",MAC,2016,-0.701510212552961,202307.584142906,81.6429854646415,28.0554364413727,0.140977378189803,1.939,2.36895749705898,0.23492
"Macao SAR, China",MAC,2017,9.91855844513513,225028.816416854,83.1740890688259,28.7678987369964,0.0974073137244726,1.981,1.22812404052809,0.1721
"Macao SAR, China",MAC,2018,6.35917030567686,235124.79097185,83.7940896091516,29.3055867583929,0.0689449420502038,1.803,3.00446293166953,0.20113
"Macao SAR, China",MAC,2019,-2.4609094006739,226560.473451186,86.4679257062588,29.807414296232,0.0572161047456357,1.73,2.75193081051975,0.24721
"Macao SAR, China",MAC,2020,-54.4020925789353,104108.484761427,87.46230316,30.4508928113933,0.2000190437308,2.542,0.811410511491512,0.45327
"Macao SAR, China",MAC,2021,22.4622020023362,127203.699480089,88.46810492,29.6158421202704,0.0906582539669755,2.221,0.0264543647055504,0.37318
"Macao SAR, China",MAC,2022,-18.956941494497,107508.814411329,89.48549652,29.6066193799726,0.10815470598296,2.446,1.04502802369954,0.42754
Malta,MLT,2005,2.88123652429068,87476.7321304438,41.24,12.4380625181457,2.18029842170746,6.923,3.00796652450313,0.53008
Malta,MLT,2006,2.33618870316785,88282.2987719397,40.41,12.7446119185277,1.87364239138214,6.798,2.77378006481472,0.58085
Malta,MLT,2007,5.03640177981643,90175.5469876749,46.9,20.1300584615901,1.61142145471079,6.472,1.24921923797629,0.54654
Malta,MLT,2008,4.41059689827608,92319.657348604,50.08,23.440636419401,1.23832336879825,5.977,4.25862171897073,0.52409
Malta,MLT,2009,-1.39524956144803,90308.1506937781,58.86,27.0098266376739,1.10656257282556,6.896,2.08432746082343,0.50513
Malta,MLT,2010,6.19734978656928,93855.9126847327,63,29.7855677615811,1.36887800486284,6.861,1.51563513618532,0.58346
Malta,MLT,2011,0.992201768011597,92205.2954008362,68.0198237885462,30.3037011219232,1.03932336236939,6.388,2.9629852819288,0.65483
Malta,MLT,2012,4.10167460261891,92390.5202658729,68.1998742928975,31.8224330830663,1.36105969398045,6.203,2.37582057760386,0.79196
Malta,MLT,2013,6.29233378116625,94245.0628675164,68.9138,33.3783014199957,0.733481000472739,6.115,1.1802843636655,0.72644
Malta,MLT,2014,7.6313628225042,96891.3827814033,73.1141157845193,34.8819867199098,0.764575993103178,5.737,0.310306472181665,0.67653
Malta,MLT,2015,9.62070302842181,102274.707586587,75.9600189752747,36.6768468766082,0.72234162106308,5.389,1.10054826378929,0.69942
Malta,MLT,2016,4.07800422216982,101468.75300614,78.0751488032182,37.6179796999137,0.740385176552303,4.694,0.642702771527304,0.54032
Malta,MLT,2017,12.9713425287845,108506.403202555,81.0119110762945,38.7512769768028,1.36685722637012,4.008,1.36435448150708,0.52592
Malta,MLT,2018,7.18921425536917,108887.709010065,81.6580442928014,39.5892751744889,1.53446149440566,3.956,1.15782362451517,0.54557
Malta,MLT,2019,4.0850557312243,106818.643143158,85.7785963798031,40.1799549616579,1.60541512852324,4.08,1.6420600176894,0.54851
Malta,MLT,2020,-3.45728232537419,99399.5345286505,86.85876183,41.1094408219109,1.39548462535956,4.856,0.638544956776712,0.60002
Malta,MLT,2021,13.3509818925498,109014.734014255,87.46977742,42.1830899964911,1.45402094888362,3.754,1.49789217934724,0.59682
Malta,MLT,2022,2.59276776884379,106075.322032811,91.54062209,43.4449972737186,1.69631709858459,3.471,6.15375621933037,0.5745
Mexico,MEX,2005,2.11324711473297,51482.2275169756,17.20999908,1.81677032017237,3.68413928521983,3.558,3.98805714597437,0.38103
Mexico,MEX,2006,4.80501351664901,52199.8200854885,19.52000046,2.81575456824012,3.56924241622001,3.566,3.62946762439132,0.35298
Mexico,MEX,2007,2.0778639395329,52168.9934698883,20.81,4.14106964177955,4.00281034090803,3.628,3.96684905458235,0.38039
Mexico,MEX,2008,0.943331872912935,51927.9663550734,21.71,6.82462658332165,3.34994740834143,3.874,5.12498274575896,0.42416
Mexico,MEX,2009,-6.29525056697287,48458.7337074434,26.34,8.60820715794462,3.29625087948843,5.356,5.29735584228856,0.45748
Mexico,MEX,2010,4.9713345832195,49942.856400589,31.05,9.31394316309963,2.74479987548237,5.303,4.15672722680174,0.47353
Mexico,MEX,2011,3.44404505297089,50469.7074843699,37.1762954125184,10.0362003918243,2.98572906760688,5.175,3.40737824605742,0.45268
Mexico,MEX,2012,3.55321076010608,50566.2667194536,39.75,11.1945528217656,2.93503508948186,4.892,4.11150981070289,0.40284
Mexico,MEX,2013,0.852101550164704,50273.1391699486,43.46,10.7719183026526,3.24019304112031,4.921,3.80639069747204,0.40806
Mexico,MEX,2014,2.50376350783593,51083.6659562272,44.3856962723411,10.8799928230972,3.11119042926393,4.819,4.01861608078679,0.41962
Mexico,MEX,2015,2.70232343024026,51302.9423635393,57.4310429923633,12.1891508368561,3.04852894133653,4.311,2.72064064964023,0.41477
Mexico,MEX,2016,1.7724932254128,51285.0581930396,59.5404459967255,13.0255992017626,2.62548540567926,3.853,2.8217078474766,0.37601
Mexico,MEX,2017,1.87172854648381,51419.0082643857,53.0317886110982,13.7767213511093,2.43105730698016,3.419,6.04145724018986,0.31955
Mexico,MEX,2018,1.97208211101069,51377.9719656986,56.6595667981289,14.7373951154108,2.63035401390013,3.275,4.89935015356551,0.29816
Mexico,MEX,2019,-0.392690513290532,49950.1181473269,69.6321092705209,15.3885155172291,2.97428590716616,3.477,3.63596142127046,0.27629
Mexico,MEX,2020,-8.35403459379062,49432.4171144825,71.49017499,17.7520559419946,4.51911221083939,4.44,3.39683415570006,0.29185
Mexico,MEX,2021,6.04848347173572,48605.8099837259,75.62650476,19.2796725887476,3.81024580111441,4.019,5.68920847683753,0.27305
Mexico,MEX,2022,3.70975708309098,48576.7972491116,78.63217894,20.6070256426489,3.18153696635504,3.256,7.8962761916855,0.25727
Moldova,MDA,2005,7.5000001493726,19552.6580486932,14.6302704551796,0.260613252190142,13.0906482560746,5.633,11.9591837222127,0.39865
Moldova,MDA,2006,4.79999983670831,19001.9065613591,19.6206477051634,0.555731800242572,13.4666417492058,4.26,12.777755783035,0.40622
Moldova,MDA,2007,3.00000022585525,18968.9667699381,20.45,1.37108726290415,12.7222183612482,2.749,12.3671668414302,0.54557
Moldova,MDA,2008,7.80000014541523,20004.3840278004,23.39,3.04873337877139,12.5505154639175,2.097,12.7830472618821,0.53463
Moldova,MDA,2009,-6.00000026352828,18590.9300290132,27.5,5.06352851025711,15.6384725928967,3.024,-0.0627185967109007,0.52557
Moldova,MDA,2010,7.10000010705836,19021.9578997535,29.68000031,7.4547521029782,18.3216375011104,2.972,7.48385086350853,0.3665
Moldova,MDA,2011,5.81816614684824,19727.5307981439,32.06999969,10.0167937961344,16.6209149017172,2.677,7.68725103356181,0.33764
Moldova,MDA,2012,-0.589733954762579,19391.365234071,34.65000153,12.0173397889983,17.5253386657257,2.189,4.54633427355302,0.34907
Moldova,MDA,2013,9.0438656074181,20964.1221633659,37.43999863,13.7695240878002,16.0160694592749,1.894,4.59787897363136,0.29783
Moldova,MDA,2014,4.99962585407656,20734.7432096167,66.9999982002077,15.2330041292856,16.2840783736933,1.45,5.08878554625869,0.31463
Moldova,MDA,2015,-0.338235622387202,20732.3332833675,69.0000044661932,16.2569619282762,16.5087418999878,1.781,9.67624033101859,0.30735
Moldova,MDA,2016,4.64601436259409,22134.6622803209,70.9999991066624,17.2155177259579,14.5375028155267,1.591,6.35930898037931,0.28005
Moldova,MDA,2017,4.17561205106279,24137.1707417497,71.76709747,18.2974964435539,14.028340727029,1.622,6.57022997455604,0.25789
Moldova,MDA,2018,4.07559546585034,26064.605985196,72.54239655,19.7583973228257,15.2601797704137,1.239,3.04505397337058,0.25626
Moldova,MDA,2019,3.5523140853476,26689.5545152168,73.32610321,21.54270340639,16.7019657372324,1.502,4.83778351428729,0.24145
Moldova,MDA,2020,-8.27597831976949,24618.9806227569,74.11830139,23.4268592640718,23.7077904292366,1.206,3.76597122245358,0.23511
Moldova,MDA,2021,13.9299997889786,27300.2938737886,74.91899872,25.2112754309344,24.5796456117387,0.794,5.10641129002836,0.23154
Moldova,MDA,2022,-4.64785101037361,26746.0280867104,74.91899872,26.317794331222,22.4696622706573,0.909,28.7372976766236,0.22959
Mongolia,MNG,2005,7.25366543796015,19406.0332528648,9,0.070217569137974,3.67341184446056,7.015,12.7165674066053,0.23775
Mongolia,MNG,2006,8.55623481664365,20650.3530795651,9,0.135409299755954,3.71860162669495,7.193,5.09516661663157,0.19121
Mongolia,MNG,2007,10.2480163590057,22297.9231878222,9,0.283554418866818,3.58918466284614,7.2,9.63096309630964,0.23827
Mongolia,MNG,2008,8.90036794067551,23630.5045838133,9.800000191,1.23381809458159,3.72400341338169,5.565,27.9556650246306,0.33667
Mongolia,MNG,2009,-1.26859893608282,22841.9672645365,10,1.50364345674788,2.98858397474114,5.86,7.6195059351941,0.30478
Mongolia,MNG,2010,6.3651616786311,24006.2446679171,10.2,2.84091834423251,2.03247466485939,6.549,10.0462065881651,0.24438
Mongolia,MNG,2011,17.2907775869555,26732.7596122868,12.4999911084745,3.42607770710846,2.60229235363301,4.769,8.41121495327101,0.23054
Mongolia,MNG,2012,12.3198198494032,29320.1807990435,16.4,3.94085550888065,3.3504309898712,3.905,14.3303348325838,0.23913
Mongolia,MNG,2013,11.6489161878925,32402.2965260262,17.699984237,4.89953823458973,1.88312828147884,4.231,10.4906567588241,0.23246
Mongolia,MNG,2014,7.88522548204762,34553.8354387793,19.9424474349209,6.77117608106174,2.22943011111016,4.798,12.2539808129759,0.2234
Mongolia,MNG,2015,2.37983580731722,34930.5370853327,22.5000041337688,6.98959122144406,1.75078487431914,4.861,5.73568281938327,0.1564
Mongolia,MNG,2016,1.48978448679577,36759.3819743514,22.2657705007562,7.43705957487671,2.33411317477248,7.235,0.733272227314397,0.18346
Mongolia,MNG,2017,5.63687638694772,37637.7587949428,23.71430016,9.18362021979381,2.64909863472124,6.359,4.30143105302342,0.1342
Mongolia,MNG,2018,7.74488062024881,39389.0222516362,47.1300018848989,9.66655365112798,3.99375815446732,5.377,6.82424790145522,0.10161
Mongolia,MNG,2019,5.60224422064255,39086.2039531684,51.079994082603,9.83638257697054,4.06157059671247,9.024,7.30106953550729,0.0927
Mongolia,MNG,2020,-4.55775197583431,37084.0948261836,62.50002848,9.3475568899214,4.92402407583525,6.413,3.7237230614026,0.13301
Mongolia,MNG,2021,1.63676957736662,39111.6286542147,81.60682285,11.3929982387502,3.84509373598354,7.871,7.35894657888155,0.10008
Mongolia,MNG,2022,5.0327096366527,38739.5291747386,81.07720184,12.9008288504333,4.44588531608623,5.954,15.1509728200805,0.08365
Netherlands,NLD,2005,2.03401576512488,113306.54897733,81,24.9002320580163,9.01946277389651,5.872,1.6881301786962,1.7667
Netherlands,NLD,2006,3.53729585853395,115850.526516224,83.7,31.4796082807097,9.00810317265385,5.007,1.10150106517709,1.73208
Netherlands,NLD,2007,3.88542348324803,118722.279040166,85.82,33.3124497886048,9.00797724040561,4.153,1.61385859802102,1.66063
Netherlands,NLD,2008,2.11674514240192,119890.409367927,87.42,34.9756568223498,9.02475069367009,3.658,2.48650198289457,1.61247
Netherlands,NLD,2009,-3.66528147002826,116072.004416561,89.63,36.7354644977419,9.28132080749076,4.352,1.18977687021548,1.65161
Netherlands,NLD,2010,1.31935287897116,118134.588633037,90.72,37.7372328275169,8.73463021494952,4.991,1.27530569556679,1.69388
Netherlands,NLD,2011,1.77330320575034,119658.0577337,91.4199957622284,38.5614208058284,8.85176789460466,4.977,2.34107017751373,1.8651
Netherlands,NLD,2012,-0.977826121310997,118176.155294266,92.859992359525,39.3374146344405,8.97142364893957,5.821,2.45554765291614,1.90094
Netherlands,NLD,2013,-0.0302410184270769,119390.267703668,93.9564,40.030499091092,8.74241499412029,7.241,2.50689852657875,2.13953
Netherlands,NLD,2014,1.61255885112396,121848.5730742,91.6666666666667,40.2287973950107,15.1805960020618,7.419,0.976035079699679,2.15067
Netherlands,NLD,2015,2.12064007193544,122254.529474098,91.7241379310345,41.0879703576802,8.62348283039729,6.872,0.600248147278776,2.11792
Netherlands,NLD,2016,2.42428065449427,123421.740591004,90.4109589041096,41.9813942626003,9.79046565995063,6.007,0.316666666666652,2.11546
Netherlands,NLD,2017,2.78150834679987,124543.90059056,93.1972789115646,42.0988982620643,9.24943291620102,4.837,1.38145871407216,2.14167
Netherlands,NLD,2018,2.25873158164956,124493.721340272,91.8918918918919,42.5152457224727,9.05431553824827,3.832,1.70349794744479,2.1027
Netherlands,NLD,2019,2.3001616053659,125011.34913652,93.2885906040269,42.5292659897442,9.19705544094303,3.379,2.63369910249591,2.14036
Netherlands,NLD,2020,-3.86799714191608,120103.675317655,91.33333333,42.6667277513049,10.5718348190651,3.82,1.27246037789161,2.26514
Netherlands,NLD,2021,6.27683593745216,127311.810597457,92.05298013,42.9460563127039,9.03397806424711,4.209,2.67572008805385,2.21542
Netherlands,NLD,2022,5.00723453395074,129912.374901044,92.51968504,43.5643185557355,9.32668416810955,3.526,10.0012078753473,2.17529
North Macedonia,MKD,2005,4.72408864201974,50782.5018586471,26.45000076,0.59507887570479,8.8310044503019,37.32,0.525515950714247,0.22825
North Macedonia,MKD,2006,5.13702516153505,52622.2577655151,28.62,1.7463346596574,10.9846814465131,36.392,3.21362929606345,0.19373
North Macedonia,MKD,2007,6.47348685752347,54019.533583133,36.29999924,4.82749047537623,9.6259135297401,35.231,2.2517579830545,0.17093
North Macedonia,MKD,2008,5.47200139015595,55490.3244091691,46.04,8.74101931878654,10.1831989196008,33.93,8.33189666968108,0.22358
North Macedonia,MKD,2009,-0.358614856979671,54104.5224134305,51.77,11.2968607671847,10.9721966110835,32.351,-0.739633963061192,0.19679
North Macedonia,MKD,2010,3.35875085773812,58324.3104999314,51.9,12.6122529557569,12.8562583327133,33.135,1.50997522027613,0.21634
North Macedonia,MKD,2011,2.33988604520331,56889.9838663176,56.7,13.7991890008361,10.0854844470124,31.502,3.9047542206974,0.22276
North Macedonia,MKD,2012,-0.456183223607937,56601.2809532534,57.449947312961,15.4034279276413,9.95415320596921,31.096,3.31605566687647,0.32676
North Macedonia,MKD,2013,2.92525766450484,56210.1760026646,65.24,16.8126639116268,10.3525550234917,29.017,2.78500056726109,0.43894
North Macedonia,MKD,2014,3.62912351276373,57634.1441539033,68.0584815397496,17.7239038498213,9.35873233471654,28.215,-0.281705032928494,0.51646
North Macedonia,MKD,2015,3.85586514041738,58985.2936669058,70.3802030766689,18.4016994838328,9.42666308795002,26.395,-0.299920475631462,0.44412
North Macedonia,MKD,2016,2.84820519363306,59619.147647761,72.1568144676058,19.4533715332855,10.790112215643,24.312,-0.239290787684501,0.43585
North Macedonia,MKD,2017,1.08177273813243,59508.6006019257,74.5168241807954,20.4183259234605,10.2221203985445,22.857,1.35161889677442,0.35439
North Macedonia,MKD,2018,2.88059670964267,60516.466556887,79.1677551850871,22.2929498345599,11.6284345131118,21.208,1.45831298507126,0.36367
North Macedonia,MKD,2019,3.91041953840173,60065.03214212,81.4128827618364,23.9402500262168,13.4156199710591,17.414,0.766439573459805,0.36783
North Macedonia,MKD,2020,-4.68845000956652,58273.3348044123,81.40553811,25.4041233643961,16.7447439543779,16.575,1.20007348888469,0.37264
North Macedonia,MKD,2021,4.51067949038222,61552.4137050207,81.873703,26.9448892231031,18.9276582966113,15.801,3.23074912132928,0.37252
North Macedonia,MKD,2022,2.75888415332967,60893.1534639397,83.85030365,28.0035734605346,20.3007152180509,14.476,14.2047173195833,0.37372
Panama,PAN,2005,8.27618334503531,40077.6931690312,11.48400021,0.530240330139275,4.1961718049414,5.967,2.85588324760957,0.22835
Panama,PAN,2006,9.85723870564752,43499.751981933,17.34959984,3.34036143150389,4.31447986409513,5.792,2.45789346442102,0.22884
Panama,PAN,2007,13.1530653782933,47774.6906911808,22.29,4.37188180911072,4.62138523363013,5.665,4.1686330029888,0.1782
Panama,PAN,2008,10.1974325907958,50238.3669008538,33.82,5.60439095847397,4.21861800979895,5.639,8.7586831772878,0.18646
Panama,PAN,2009,1.61186405976055,51735.9198081718,39.08,6.57564384952114,4.58576899818585,5.857,2.40905304082201,0.12889
Panama,PAN,2010,6.07339353106087,52570.7523446127,40.1,7.11835492836641,4.78078904237883,5.845,3.49128872618809,0.14075
Panama,PAN,2011,11.9088772249531,58173.8748510956,42.7,7.65784803323672,4.04220366042713,4.03,5.87580243678763,0.16818
Panama,PAN,2012,9.62729346439019,60350.2752319105,40.3018952210488,7.84035458080003,3.0802407221665,3.691,5.69819959165993,0.07323
Panama,PAN,2013,6.32435388662846,62074.4565077053,44.03,8.03240714720224,2.87486690430999,3.674,4.02715991571061,0.06028
Panama,PAN,2014,4.62581375565551,64125.1441234002,44.9238152577893,7.96651988219216,2.75669720920473,4.391,2.62652699929143,0.11935
Panama,PAN,2015,5.26691719595516,66113.5597088409,51.2054249948687,7.98396983865042,2.40613543466352,4.335,0.137492058461588,0.10422
Panama,PAN,2016,4.57196707937275,67423.3652415962,54,10.6706831276374,2.45178528759091,4.717,0.73973402529995,0.12829
Panama,PAN,2017,5.7440594635578,70613.0679853492,59.9506309038683,10.76346760088,2.20552985834111,5.338,0.875585918759963,0.13083
Panama,PAN,2018,3.91824253321265,69935.0174182682,61.8055313202468,12.9615678069801,3.52776754640227,5.161,0.761578359399945,0.13355
Panama,PAN,2019,3.10295395631086,70487.5782401029,63.6284147731451,12.648617375493,3.5406650582061,6.256,-0.355083821021246,0.13613
Panama,PAN,2020,-17.8211174074602,64448.6812522584,64.82430267,13.8346818420776,5.16452028319846,14.663,-1.55027540803761,0.23246
Panama,PAN,2021,16.4669992022652,74146.6291634076,66.04270172,14.8381106018887,4.09612833705977,10.177,1.63070337301898,0.17691
Panama,PAN,2022,11.0386022908773,74857.4534128396,67.2838974,16.3861439797054,3.0309155170448,8.086,2.85965128834711,0.18302
Poland,POL,2005,3.26082274679216,57192.2589003098,38.81,2.47914595540035,2.61056341906703,17.592,2.18379872390251,0.56121
Poland,POL,2006,6.20210710934373,58433.4764238152,44.58,7.64660563202594,3.37656529516995,13.794,1.28469394366416,0.54899
Poland,POL,2007,6.7604478527626,59435.2065975608,48.6,10.9783187303476,3.5361216730038,9.551,2.4587431238539,0.56103
Poland,POL,2008,4.38377069274605,59563.5032376311,53.13,11.7451771509464,3.91480623420388,7.069,4.16497193524779,0.59719
Poland,POL,2009,2.61512859291683,60842.5499466122,58.97,14.7254806997129,4.50525506280441,8.131,3.79539242483399,0.65932
Poland,POL,2010,3.16892748258036,62865.1664546053,62.32,15.378511671936,5.77945020538305,9.578,2.58069370250548,0.72252
Poland,POL,2011,5.25546256612796,65929.9090633863,61.94999896898,18.2475205937044,6.45249794228419,9.576,4.23940149625932,0.74726
Poland,POL,2012,1.51178167644575,66809.4336460561,62.3099972714691,18.0079998184474,7.1656050955414,10.031,3.56037151702793,0.88476
Poland,POL,2013,0.684240607051805,67516.2439244114,62.8492,18.3773931656078,7.79730655101575,10.293,0.991982606332335,0.8807
Poland,POL,2014,3.92050862390032,68766.2633716844,66.5987360557248,18.904567196757,8.84224184839479,8.971,0.0538213132399802,0.9454
Poland,POL,2015,4.43176700264478,70702.5607447597,67.9969871556415,18.9867934497166,9.92299180235315,7.475,-0.874125874125862,0.99807
Poland,POL,2016,3.03117767594847,71582.22163785,73.3007040962669,19.1513139299534,10.8776519641908,6.141,-0.664767331433962,0.9616
Poland,POL,2017,5.15245773325907,73986.8083913758,75.9853659493832,19.9531726069815,11.0070257611241,4.867,2.07593553673859,1.03055
Poland,POL,2018,6.2458584723942,77897.1969973766,77.5417345350006,20.5313862679212,11.7011938202247,3.835,1.81295156542689,1.19426
Poland,POL,2019,4.58045817256199,81204.2075383073,80.4359068768673,20.5043205670712,12.2154090728439,3.267,2.22747880938291,1.3088
Poland,POL,2020,-2.03556882399977,80578.3413437777,83.18488715,21.9255858346119,14.1493290101774,3.155,3.37446972618589,1.37128
Poland,POL,2021,6.92718266052501,85539.6948432308,85.37490906,22.8165643900514,14.2732124588628,3.268,5.05502704719272,1.41558
Poland,POL,2022,5.25545697386036,89476.1177076586,86.94113479,23.8373449056172,14.1348795269151,2.811,14.4294507575758,1.44162
Portugal,PRT,2005,0.781847569123585,74646.7247268214,34.99,11.0962645508509,4.15045339330559,7.582,2.27716394887838,0.75755
Portugal,PRT,2006,1.62503532956156,75420.1837494294,38.01,13.5278484091782,4.16101937353638,7.649,3.1076654587105,0.95448
Portugal,PRT,2007,2.50657937751231,77119.8040997496,42.09,14.4787649363671,4.44303480654397,7.965,2.45396528138746,1.12417
Portugal,PRT,2008,0.319247344434558,76993.5199596813,44.13,15.4810153386745,4.54184528326081,7.553,2.58850657657956,1.44335
Portugal,PRT,2009,-3.12207827545093,76803.2203516978,48.27,18.0765765463372,4.32768504954191,9.432,-0.835530021504157,1.58002
Portugal,PRT,2010,1.73762453640036,79245.9384906755,53.3,20.1035764454099,4.07702653006004,10.771,1.40257289895372,1.53317
Portugal,PRT,2011,-1.71352745905065,80567.9152871318,55.2499968797194,21.2468026111835,4.26000106592059,12.715,3.6530110043073,1.45558
Portugal,PRT,2012,-4.05090267621935,80545.8821600403,60.3399974868057,22.7408340982484,4.70552737284066,15.509,2.77333854051576,1.37661
Portugal,PRT,2013,-0.984106574148328,81914.1898200327,62.0956,24.5102597000009,4.43144675542685,16.237,0.274416666666663,1.32325
Portugal,PRT,2014,0.741391420706506,81148.0658286813,64.5924200648949,27.4622463014594,4.98468592872726,13.88,-0.278153367467428,1.28892
Portugal,PRT,2015,1.58979803702681,81450.8215966189,68.6328614804299,30.2999720257926,4.90202613980724,12.405,0.48793862390472,1.24552
Portugal,PRT,2016,2.00414129666575,82073.6895284281,70.423567088723,32.6259001706105,5.0844566851367,11.058,0.607397074641719,1.2815
Portugal,PRT,2017,3.31472008175986,82138.0796484355,73.7912139515729,34.6016066063915,4.91142706294218,8.878,1.36861411643482,1.32224
Portugal,PRT,2018,2.94628343449202,82674.52615381,74.6609681487507,36.6542819407724,5.70963422213468,6.966,0.993715683468233,1.35078
Portugal,PRT,2019,2.74568432648596,84215.313513333,75.3463779408712,38.3605751907072,6.02069227745648,6.422,0.338178410046124,1.39487
Portugal,PRT,2020,-8.20463159324387,79272.1319271801,78.26166044,40.1215406866329,10.9687747304574,6.85,-0.0124383299576209,1.60979
Portugal,PRT,2021,5.55875672070374,83953.0055477798,82.30902804,41.5145728650954,11.9533650113474,6.712,1.26565719069044,1.66711
Portugal,PRT,2022,6.98584137580278,87040.6167600592,84.49690644,42.937003513367,8.55830884319908,6.138,7.83269124233323,1.69051
Romania,ROU,2005,4.6681480508487,52202.6024465801,21.5,1.77760384149859,8.50309617129016,7.174,9.01491283343835,0.41262
Romania,ROU,2006,8.02881107599163,56606.6202798217,24.66,5.18165947350917,9.97192138030808,7.27,6.55851412276983,0.45682
Romania,ROU,2007,7.23380774362805,60826.9816493004,28.3,9.3537758838748,11.1182421003341,6.413,4.83732928313989,0.51148
Romania,ROU,2008,9.30746717077338,66799.0926382094,32.42,12.1503515995324,11.0839409575116,5.787,7.85080255714482,0.55215
Romania,ROU,2009,-5.51670615843011,69515.6037071527,36.6,13.6687076743772,14.7083616499884,6.859,5.58742004264393,0.44393
Romania,ROU,2010,-3.90581157302972,63207.9891754226,39.93,14.6853744418104,15.3820797818138,6.959,6.09141668601891,0.44657
Romania,ROU,2011,4.49558909946313,67019.0471534614,40.0099967810008,16.1874973837653,14.2757178332139,7.177,5.7892532881588,0.47457
Romania,ROU,2012,1.90361696799603,68114.6159976524,45.8799942529424,17.567519569459,15.602920280333,6.794,3.33492267693442,0.46244
Romania,ROU,2013,0.278771877470234,68688.2824469877,49.7645,18.8919150905294,13.9707373175874,7.096,3.9847123554813,0.39022
Romania,ROU,2014,4.11600109267832,70907.3395630431,54.0783206550943,20.1139523323465,14.7698317904165,6.802,1.06830987684298,0.38207
Romania,ROU,2015,3.1570360543854,72460.2822790854,55.7631556336233,21.4489855804576,15.9210103890808,6.812,-0.594156437495203,0.48796
Romania,ROU,2016,2.85993252302089,74724.1474412478,59.5039512852713,22.4982986593906,17.8916363849733,5.901,-1.54479666813897,0.48863
Romania,ROU,2017,8.19547826641261,79193.0665894734,63.7472821822484,24.148941859633,18.4543432785925,4.927,1.3390212110439,0.50693
Romania,ROU,2018,5.39452228185675,83437.1646320719,70.6812779273268,25.9702175828069,20.1854354770905,4.187,4.62548443137779,0.49698
Romania,ROU,2019,3.96028958497598,86736.983168413,73.6574757545465,27.060557570268,20.6903260484999,3.912,3.82785432599438,0.47491
Romania,ROU,2020,-3.59802546034757,85163.3220147229,78.45526895,29.314080636148,25.8463385271488,5.035,2.63107311184743,0.46414
Romania,ROU,2021,5.58735072538869,90312.7755002132,83.5904265,31.6949603653045,25.0776425694116,5.59,5.05232876096582,0.47108
Romania,ROU,2022,4.18771305104109,94084.6813523898,85.50309124,33.2115600895132,25.2834793088061,5.614,13.7954887432521,0.46274
Russian Federation,RUS,2005,6.39996544799469,57659.0775783684,15.22669983,1.09890958017062,3.60989842058061,7.124,12.6853039507349,1.06797
Russian Federation,RUS,2006,8.20006825456321,62026.0057758453,18.02330017,2.01245015473243,3.83366840684653,7.055,9.66865454789265,1.07294
Russian Federation,RUS,2007,8.49997776916511,65710.1049122642,24.66,3.40609484108427,5.20106447642798,6.002,9.00729868861079,1.11611
Russian Federation,RUS,2008,5.19996926404957,68770.216884571,32,6.45287620268262,5.32857159109107,6.205,14.1107677840442,1.04435
Russian Federation,RUS,2009,-7.79999391271275,64837.3810809398,42.55,8.96648212209969,5.56972694419879,8.301,11.6473295764118,1.25192
Russian Federation,RUS,2010,4.49999999920672,67193.5340035421,49,10.907741936582,5.33735972798443,7.407,6.84939230255025,1.1302
Russian Federation,RUS,2011,4.30002918604238,69218.204688723,58,12.2426736632818,5.34379778032242,6.571,8.4404648593257,1.01545
Russian Federation,RUS,2012,4.0240861571798,71251.8984588413,66,14.5007601269515,5.60404055051635,5.484,5.07474300799149,1.02766
Russian Federation,RUS,2013,1.75542214916291,72745.2759184361,67.97,16.4209357330938,5.93690956013982,5.513,6.75466833903486,1.02732
Russian Federation,RUS,2014,0.736267221403651,73198.6591028883,70.5175682574413,17.2161049931,6.85018622853413,5.212,7.82016970013845,1.07241
Russian Federation,RUS,2015,-1.9727192264298,72345.6914928349,70.0992412263947,18.4996930924804,7.62071967802145,5.615,15.5343959935701,1.10085
Russian Federation,RUS,2016,0.193671130698817,72390.6425658865,73.091434617897,18.8797858276626,7.70821979480132,5.591,7.04243725413707,1.10238
Russian Federation,RUS,2017,1.82670527549192,73966.7500153667,76.0081385339105,21.2763636749444,8.08591867523534,5.238,3.68333072334495,1.10967
Russian Federation,RUS,2018,2.80634082046656,75874.1245519113,80.8647218726954,21.8962972283043,8.13708577637307,4.871,2.87831382614981,0.99001
Russian Federation,RUS,2019,2.19807571381982,78207.3771159844,82.6421618670668,22.4233442134941,8.8588069792426,4.513,4.47202631837903,1.03531
Russian Federation,RUS,2020,-2.65365449695453,77550.2399253924,84.99466978,23.1557041794102,12.3772632232118,5.62,3.38219796948068,1.09099
Russian Federation,RUS,2021,5.866491772979,80919.062823057,88.21384578,23.7409106485411,13.018171018171,4.749,6.69445891957612,0.96602
Russian Federation,RUS,2022,-1.43537063467896,79314.4597036501,90.41799163,24.6345568628262,11.9490660488383,3.867,13.7436797398232,0.91494
Singapore,SGP,2005,7.36632239250758,162036.908665786,61,15.3735717010077,2.29537525953563,5.59,0.425106276569107,2.14806
Singapore,SGP,2006,9.00676607871758,165626.6558626,59,17.8781400199407,2.67559250195307,4.48,0.965657519018511,2.11656
Singapore,SGP,2007,9.02151951268893,172112.710836812,69.9,20.145697338092,2.55441051440207,3.9,2.10980166714574,2.31986
Singapore,SGP,2008,1.86348345462035,162146.209253484,69,22.2853696506635,2.91363798501843,3.96,6.63544058395309,2.59673
Singapore,SGP,2009,0.127953382778088,159805.531598149,69,24.8260665849798,3.22840993957499,5.86,0.589142019610516,2.1279
Singapore,SGP,2010,14.5197497108994,173585.460873449,71,26.3619521238271,3.52971346284091,4.12,2.82884527612958,1.92918
Singapore,SGP,2011,6.21493416858989,179314.8715033,71,27.1735826927318,4.15957283702079,3.89,5.25115624639373,2.06955
Singapore,SGP,2012,4.43549759378537,180162.136890054,72,27.0679759849169,5.19456114019232,3.72,4.58084479423094,1.91833
Singapore,SGP,2013,4.81763099120676,185929.251019997,80.90209961,27.7295626772787,5.37493676826321,3.86,2.36439793742726,1.92104
Singapore,SGP,2014,3.93554027709007,187829.195163909,79.0292358633435,27.0067241979516,5.18088391075491,3.74,1.03316955857629,2.08228
Singapore,SGP,2015,2.97679931634806,188139.292182386,79.0129570025584,26.8978922564041,5.79187333559013,3.79,-0.521975611895763,2.17445
Singapore,SGP,2016,3.91095306322606,194001.687522818,84.4522678893074,28.5392609803278,7.92197759204619,4.08,-0.529809760375464,2.06892
Singapore,SGP,2017,4.32679370770501,203131.771320104,84.4522678893074,26.3326099315534,7.70857907065606,4.2,0.576763191179996,1.89683
Singapore,SGP,2018,3.18660848474074,208218.849329945,88.1656360313447,26.50873593831,7.15775463798141,3.613,0.438784215129623,1.80836
Singapore,SGP,2019,1.15877947300108,205644.674663117,88.9492526850762,26.5276177370284,6.52273685437791,3.1,0.567829988405447,1.88845
Singapore,SGP,2020,-3.61084281729929,201622.573929527,92.00434653,26.8622723592787,8.82543655419016,4.1,-0.172111865925382,2.15983
Singapore,SGP,2021,10.1410845197192,226321.530946985,96.92468156,27.5210996900631,8.25692016771582,4.64,2.31610315765146,1.93761
Singapore,SGP,2022,4.01027884472296,227908.380077652,95.95386476,27.5510032505086,7.23714246141126,3.591,6.13095418919732,1.80821
Slovenia,SVN,2005,3.8541277114569,74772.5914552501,46.81,9.84769499337478,5.5533199195171,6.506,2.45150132316477,1.42797
Slovenia,SVN,2006,5.90878130011174,78139.8272622519,54.01,13.9689503443139,5.34393292153158,5.95,2.45792444195863,1.54569
Slovenia,SVN,2007,7.1392312914716,81423.4909405928,56.74,17.1127091320542,5.33894462878938,4.818,3.657495632841,1.43261
Slovenia,SVN,2008,3.37223866114127,83927.1926750832,58,21.0012913038218,6.70933463348945,4.371,5.64742380573939,1.63465
Slovenia,SVN,2009,-7.59058614046387,78329.168147963,64,22.0587657348566,6.82136848872967,5.858,0.839262246793805,1.83331
Slovenia,SVN,2010,1.11213719306735,80504.4228001457,70,23.0130215414954,7.0736720955619,7.236,1.80117022137138,2.06914
Slovenia,SVN,2011,0.655438128379743,83509.3630077662,67.3399948092396,24.1297849867532,7.43254675749,8.166,1.8028517194191,2.4311
Slovenia,SVN,2012,-2.91553782040462,82103.9532295232,68.3499745287825,24.8054736692412,8.06338948253598,8.841,2.59741386039003,2.58339
Slovenia,SVN,2013,-0.823776417691676,82888.5718689628,72.6756,25.5111136181393,8.41706617492133,10.103,1.76920085881897,2.59426
Slovenia,SVN,2014,2.76283327639742,84493.0379831337,71.5862515855601,27.0022702087688,8.012376577411,9.668,0.199343826570844,2.38854
Slovenia,SVN,2015,2.39330621338168,86288.3024537412,73.0986599745829,27.6233320566015,8.71196277777616,8.962,-0.525552285820783,2.21611
Slovenia,SVN,2016,3.03441486663654,89167.3186275044,75.4985042610791,28.5889065200718,8.45885214600295,8,-0.0549995416705683,2.02922
Slovenia,SVN,2017,5.17440215579958,89689.6864278358,78.8854263554775,29.180424842781,7.33688541406128,6.564,1.42910743319306,1.88219
Slovenia,SVN,2018,4.37908347331195,91309.8030020438,79.7499765956562,29.6086313428343,6.63656204377462,5.108,1.7386086198818,1.96365
Slovenia,SVN,2019,3.50525332381912,94127.7333204188,83.1083578026717,30.1395433223627,7.27911941458538,4.446,1.63052260754335,2.05725
Slovenia,SVN,2020,-4.08500094942896,91100.5536864759,86.60130109,30.9930132861242,9.4334752728112,4.971,-0.05485681576061,2.15559
Slovenia,SVN,2021,8.41686457725321,97338.6107781931,89.00399524,31.5502669986288,8.74972258076989,4.744,1.91706506089269,2.13847
Slovenia,SVN,2022,2.66850555542486,97780.9067465825,88.91248552,32.0104972135392,8.39680736516205,4.011,8.83369886749452,2.1
South Africa,ZAF,2005,5.27705197295467,42877.0987817891,7.48854252992921,0.333986441269902,2.73239194728745,22.472,2.06285308223427,0.77024
South Africa,ZAF,2006,5.60380645895889,44536.7591722291,7.60713967477381,0.670247096714953,3.05044174489998,22.304,3.2439076541923,0.80291
South Africa,ZAF,2007,5.36047405394162,46239.8605134344,8.06537517355504,0.748091416929475,2.39266750059407,22.26,6.17781214809388,0.79364
South Africa,ZAF,2008,3.1910438863288,47128.2244652394,8.43,0.833421387107038,2.44432412903752,22.407,9.90998456005467,0.80567
South Africa,ZAF,2009,-1.53808913525583,47937.2074335112,10,0.929854627958011,2.68669099734113,23.523,7.23809523809527,0.74993
South Africa,ZAF,2010,3.03973288127956,50970.7683274615,24,1.41945452406807,2.8724753591844,24.683,4.06749555950263,0.66284
South Africa,ZAF,2011,3.16855627858818,51798.886065775,33.97,1.71147559482032,3.11536018698604,24.639,5.0008533879502,0.66753
South Africa,ZAF,2012,2.39623238465745,51826.9379174847,41,2.0586596396561,3.18772511360907,24.727,5.73797139141739,0.66934
South Africa,ZAF,2013,2.48546800826588,51415.2343815344,46.5,2.95399728205402,3.53642916993326,24.561,5.78016910069176,0.6633
South Africa,ZAF,2014,1.41382645223793,51147.5088687265,49,3.06919322257941,3.24076932705249,24.89,6.13282953059149,0.70987
South Africa,ZAF,2015,1.32186223678229,49639.4778358874,51.91910172,2.48458942184794,3.52993901544151,25.149,4.51869094892506,0.73147
South Africa,ZAF,2016,0.664552307858116,50336.1073759664,54,2.00974331775672,3.73904386269895,26.536,6.60290842394872,0.74992
South Africa,ZAF,2017,1.15794695181735,50294.5566240456,56.16740036,1.94879126044618,3.84575979023391,27.035,5.18618655524149,0.76257
South Africa,ZAF,2018,1.55678384721676,50033.6304541997,62.40000153,1.88868165955195,3.73914205978646,26.906,4.50987264867388,0.68586
South Africa,ZAF,2019,0.25993557687633,50027.0502468781,69.69689941,2.09833928490665,4.34525101444262,28.468,4.10285075461156,0.61304
South Africa,ZAF,2020,-6.1689177146757,50731.5758949678,72.1128006,2.15159473337087,8.21674424370978,29.217,3.23238831615113,0.60296
South Africa,ZAF,2021,4.85864865060148,54304.1684288751,74.96859741,2.75540858002384,8.93505637664478,34.007,4.61874544887136,0.6139
South Africa,ZAF,2022,2.05813661692193,52339.7859434345,78.29319763,3.12297476001713,7.34374398264508,33.268,7.03987272546482,0.61479
Sweden,SWE,2005,2.79313782840156,110492.71719812,84.83,27.929833436529,10.3599079625395,7.81,0.453170852576138,3.3641
Sweden,SWE,2006,4.67607488877992,113519.271497699,87.76,27.4100136080972,11.4739966436603,7.066,1.36021468627693,3.47963
Sweden,SWE,2007,3.22486814096095,114212.039802497,82.01,30.3915033589943,15.0887180489125,6.161,2.21216883436733,3.24176
Sweden,SWE,2008,-0.923113250067971,111851.747214179,90,31.4844304168158,16.2436389710225,6.235,3.43704910602875,3.49083
Sweden,SWE,2009,-4.25561384207619,109370.416252891,91,31.6719577060978,17.5550495886598,8.351,-0.494460544378051,3.41266
Sweden,SWE,2010,5.75076477579255,115271.128109236,90,31.9840349438999,16.2156422129365,8.61,1.15798802715626,3.18756
Sweden,SWE,2011,3.16388567406926,116458.33399278,92.7699860554046,32.0391154481002,19.414871689462,7.804,2.9611507382214,3.20686
Sweden,SWE,2012,-0.414397702454409,115514.540704049,93.1799880065108,32.2829791143157,18.7485240999425,7.976,0.888377506923735,3.24636
Sweden,SWE,2013,1.13766671801426,115595.943735925,94.7836,32.7855388506159,19.9062290317886,8.052,-0.044292970148682,3.27557
Sweden,SWE,2014,2.29577238758284,117149.280792879,92.5236065037579,33.841393015349,21.8939910805469,7.954,-0.179638494114635,3.12457
Sweden,SWE,2015,4.38824673608589,120542.677073658,90.6101966398616,35.6778078349251,21.6877368184498,7.432,-0.0467847449832812,3.24088
Sweden,SWE,2016,2.13117914731151,120967.049346379,89.6509476102355,37.0821744423215,18.9555166015633,6.99,0.984269244577992,3.25643
Sweden,SWE,2017,1.88282184966646,120872.957604706,93.0062669652127,38.3266046004608,21.1984369322429,6.718,1.79449904665599,3.39374
Sweden,SWE,2018,1.7702553546772,121051.767141863,89.2469631588137,38.7413375683818,21.1014867837737,6.365,1.95353530127028,3.34602
Sweden,SWE,2019,2.60823012869524,123440.205383722,94.4934434072202,39.2905524546107,22.3549750668248,6.833,1.78415097403835,3.39847
Sweden,SWE,2020,-1.93379704032216,122849.572984249,94.53943122,40.3679810262741,24.8443455886025,8.291,0.497367318853572,3.50181
Sweden,SWE,2021,5.2258643028773,129037.123728179,94.6703163,40.8351431063991,24.5594031049654,8.803,2.16319736447143,3.41565
Sweden,SWE,2022,1.25543620445816,126821.495586221,95.00970335,40.6093424279832,21.8385546416357,7.417,8.36929098869189,3.47239
Trinidad and Tobago,TTO,2005,6.20893787954175,61973.812460897,28.97669983,0.799018367881281,4.19221763853272,7.95,6.87453459583516,0.11431
Trinidad and Tobago,TTO,2006,13.2080586051735,68208.3447285114,30.00370026,1.5171141784267,4.16053019145803,6.27,8.32960351465347,0.07233
Trinidad and Tobago,TTO,2007,4.75420970092722,70819.0278970628,32.3,2.59935534288332,3.66962546005629,5.54,7.89438834757299,0.05922
Trinidad and Tobago,TTO,2008,3.39173707807387,72083.2475921535,34.8,6.22753417429254,3.32087560064068,4.63,12.0303445477177,0.03072
Trinidad and Tobago,TTO,2009,-4.3917292474614,69996.2800946186,44.3,9.43087155271432,3.25575313807531,5.28,6.97808725251547,0.05665
Trinidad and Tobago,TTO,2010,3.32322471027371,72012.0287290614,48.5,11.7440976624306,2.84831846259437,4.033,10.5492003179988,0.04771
Trinidad and Tobago,TTO,2011,-0.294354409043763,71791.4624263795,55.2,12.3526953375059,1.23165638932158,3.425,5.1071328926456,0.04024
Trinidad and Tobago,TTO,2012,6.71074625448722,75282.3613068475,57.5,14.3473934132065,0.733863116686242,3.718,9.26028137068292,0.04155
Trinidad and Tobago,TTO,2013,3.36819291689019,76505.9357598293,59.90000153,15.0424768149008,0.0682497449465336,2.683,5.19981740465611,0.0541
Trinidad and Tobago,TTO,2014,3.67086851032413,78458.415648879,62.40000153,17.4584890485114,0.804169808558362,2.477,5.68441814595659,0.07657
Trinidad and Tobago,TTO,2015,-0.406283288730492,78784.4389422501,65.09999847,19.4881289235566,1.41702840990141,2.428,4.66121598098264,0.08051
Trinidad and Tobago,TTO,2016,-7.53636305379372,74268.8083310684,67.80000305,17.7852731961704,1.25964815653149,3.207,3.07066742464024,0.08662
Trinidad and Tobago,TTO,2017,-4.87274946918724,71063.0871206003,70.59999847,22.6101721419176,1.4620271941928,3.389,1.88038440183532,0.08587
Trinidad and Tobago,TTO,2018,-0.945449700943314,70566.5234809391,72.76029968,23.2707114091769,1.64046978997394,3.497,1.01856930188822,0.08371
Trinidad and Tobago,TTO,2019,0.467734528855885,71023.2557200008,74.98670197,22.8528096955069,1.98767110025313,3.523,1.00054293027237,0.06007
Trinidad and Tobago,TTO,2020,-8.78879817831519,67309.519602817,77.28130341,25.4398983406076,3.14455373904908,4.206,0.598986330824643,0.06455
Trinidad and Tobago,TTO,2021,-0.716740625909793,67953.8204750095,84.36576986,24.9299429931902,12.0351294790595,4.446,2.05922746915458,0.05445
Trinidad and Tobago,TTO,2022,0.86126082651883,67533.9645967989,81.69760132,26.0331929293058,5.36362437840106,4.383,5.82838638517959,0.05039
Turkiye,TUR,2005,9.11157745861635,59833.3975027674,15.46,2.29305950995764,1.480842498742,10.636,8.17916036802008,0.56381
Turkiye,TUR,2006,7.06762607623939,62998.2184530261,18.24,3.95984178763961,1.6364542214387,10.227,9.59724212288446,0.55292
Turkiye,TUR,2007,5.10818513903604,65872.9551764736,28.63,6.71903551441963,1.92294874358462,10.285,8.75618090972632,0.68616
Turkiye,TUR,2008,0.920118221365883,64872.1629656488,34.37,8.04468546010892,1.98857512394913,10.965,10.4441283764885,0.68741
Turkiye,TUR,2009,-4.88269401706633,61367.1483248039,36.4,8.90126340981216,1.79807907080634,14.026,6.25097663090626,0.80363
Turkiye,TUR,2010,8.54219848467686,62432.6091262629,39.82,9.67754012450092,1.31416499766797,11.879,8.56644420552976,0.79369
Turkiye,TUR,2011,10.9799625273598,64927.27453186,43.065710430925,10.2288570173419,1.12956005332687,9.789,6.471879671151,0.79393
Turkiye,TUR,2012,4.80762696633448,66289.9570660681,45.13,10.4644431033188,0.869390219360032,9.21,8.89156996512163,0.82595
Turkiye,TUR,2013,8.48825689298511,69779.0365397938,46.25,11.640102340966,1.85811066822267,9.713,7.49309030547693,0.81206
Turkiye,TUR,2014,4.60079447270559,72219.3913488509,51.0373665521645,11.3618631179594,1.81645049126401,9.901,8.85457271364316,0.8564
Turkiye,TUR,2015,5.80557386628684,74170.6563600224,53.7449791423583,11.8786301825878,1.77033955693141,10.304,7.67085364845885,0.96732
Turkiye,TUR,2016,3.32366508200445,74788.5839730779,58.3477340145685,12.859061240418,2.05130201237788,10.899,7.7751341532833,1.11979
Turkiye,TUR,2017,7.82585730002594,78129.1890317527,64.6846176835371,14.3528880563786,1.98755032308265,10.919,11.1443110840764,1.17632
Turkiye,TUR,2018,3.46815306092219,79009.088365638,71.0427608433809,15.8823338271459,2.18420650679701,10.956,16.3324638988929,1.27093
Turkiye,TUR,2019,1.30162365464503,81669.732509391,73.9767022871511,16.6733436685105,2.04004744296379,13.73,15.1768215720022,1.3196
Turkiye,TUR,2020,1.80306247087255,87565.2962580847,77.6695605,19.4384064376386,5.38261667006318,13.148,12.2789574462574,1.36748
Turkiye,TUR,2021,11.811094450607,91634.5087235411,81.40843745,20.9211211378579,4.12166139064314,11.969,19.5964926913324,1.40209
Turkiye,TUR,2022,5.44122511322401,90689.4498626247,83.43716576,21.8230372591075,3.18713136729223,10.465,72.3088359891207,1.32342
United Kingdom,GBR,2005,2.7906547174688,100651.743918469,70,16.3354600265746,5.89149693182224,4.884,2.0891364902507,1.55004
United Kingdom,GBR,2006,2.18982132415704,101824.698054627,68.82,21.3149333572958,6.19256684908647,5.472,2.4556616643929,1.57625
United Kingdom,GBR,2007,2.93091133582351,104019.470066172,75.09,25.3608241894096,6.04935705407022,5.399,2.38656150773327,1.6183
United Kingdom,GBR,2008,-0.0494116727402769,103042.448890441,78.39,27.9071011080185,6.39912697949015,5.748,3.52140856342539,1.60901
United Kingdom,GBR,2009,-4.58740819226323,99881.8787677923,83.56,28.6007077119006,6.58221542490979,7.683,1.96173173560109,1.66991
United Kingdom,GBR,2010,2.26054460931586,101942.646412232,85,30.3960911450969,7.19566403084786,7.973,2.49265472467065,1.63887
United Kingdom,GBR,2011,0.851437739020326,102278.97721951,85.3799985496322,32.4187258603211,7.16939250681378,8.195,3.8561124468282,1.64681
United Kingdom,GBR,2012,1.52826034721852,102871.424729023,87.4799984242111,33.9047903389849,7.26031989936611,8.279,2.5732347965453,1.57587
United Kingdom,GBR,2013,1.71846961308464,103364.077068336,89.8441,35.7819878642114,7.34578041685405,7.752,2.29166666666659,1.62096
United Kingdom,GBR,2014,3.16017351468152,104141.843210239,91.6133009176453,36.5828488416012,7.52955682920943,6.398,1.45112016293279,2.26488
United Kingdom,GBR,2015,2.14040560033371,104520.205920317,92.0002998740234,37.7214944577347,7.90452995284113,5.552,0.36804684232536,2.27566
United Kingdom,GBR,2016,2.20652020635357,105086.455806834,94.7758006318882,38.6588569366885,7.77804452747647,4.909,1.0084173681141,2.32051
United Kingdom,GBR,2017,3.02322219840339,107300.065208559,90.4245504868553,39.2489467665261,7.89307708064,4.501,2.55775577557747,2.32602
United Kingdom,GBR,2018,1.55133095078786,107715.864286127,90.692008988783,39.8293995840604,7.90063061407418,4.145,2.29283990345938,2.70889
United Kingdom,GBR,2019,1.25629899760824,107910.751056947,92.5166285497138,40.022769455921,7.74245208143597,3.657,1.73810460086513,2.6707
United Kingdom,GBR,2020,-10.047896637362,97746.3728201945,94.81820132,40.5775246507294,9.42077263731298,4.472,0.989486703772491,2.93993
United Kingdom,GBR,2021,8.5431118453255,107011.545302469,96.19650269,41.1134869970784,8.95735209282168,4.864,2.51837109614213,2.89968
United Kingdom,GBR,2022,5.14970388522993,110004.020626255,95.46530151,41.2867157729584,8.65599314370706,3.768,7.92204883147902,2.75224
United States,USA,2005,3.48354993710312,121211.761298685,67.9681015,17.2991096639721,4.11318660995006,5.084,3.3927468454955,2.50192
United States,USA,2006,2.78453963674239,122270.864481253,68.93119812,20.1645830201257,4.0752943845932,4.623,3.22594410070404,2.54545
United States,USA,2007,2.0038583039496,123666.846359754,75,23.7552995298973,4.10363597480521,4.622,2.85267248150138,2.61516
United States,USA,2008,0.113587247501258,124001.390703376,74,25.290984615215,4.41779618705967,5.784,3.839100296651,2.74481
United States,USA,2009,-2.5765002366652,125360.513238425,71,25.9694510145971,4.77071841181492,9.254,-0.355546266299747,2.7918
United States,USA,2010,2.69519258673525,129300.85326488,71.69,27.1720060120338,4.56270563272599,9.633,1.6400434423899,2.71443
United States,USA,2011,1.56440685205419,130163.939063858,69.7294607619268,28.117023946999,4.55691215181744,8.949,3.156841568622,2.73803
United States,USA,2012,2.28911339009767,130925.888738129,74.7,29.1736109719443,4.89484858839231,8.069,2.06933726526067,2.67272
United States,USA,2013,2.11783009443471,132323.444376043,71.4,29.9996164764959,5.04909537736164,7.375,1.46483265562717,2.69591
United States,USA,2014,2.52381981757846,133298.680944968,73,30.270920842,5.10256918301301,6.168,1.62222297740817,2.70882
United States,USA,2015,2.94555045227337,135056.257529716,74.5542024462761,31.3412129772455,5.3843044542327,5.28,0.118627135552451,2.77328
United States,USA,2016,1.81945147909089,135282.589133594,85.5444212887222,32.1144006365866,5.50438456530896,4.869,1.26158320570536,2.83677
United States,USA,2017,2.45762230126449,136437.664930736,87.2748891687657,32.5702836317829,5.69057151693249,4.355,2.13011000365961,2.88315
United States,USA,2018,2.96650506701943,138638.99736626,88.498903165152,33.0559177307939,5.7758266986912,3.896,2.44258329692817,2.98956
United States,USA,2019,2.58382533052225,140271.545740484,89.4302848575712,33.835216356436,6.72149072800021,3.669,1.81221007526021,3.14297
United States,USA,2020,-2.081375977796,145940.104756445,90.34470367,35.7156999293054,8.15583930543226,8.055,1.23358439630629,3.41788
United States,USA,2021,6.15202247867526,149935.540213683,91.2684021,37.0074278936277,7.80759603820996,5.349,4.69785886363742,3.4689
United States,USA,2022,2.52421385073222,148959.870283952,92.72850037,37.4887954801437,7.41605824254572,3.65,8.00279982052121,3.48736
Uruguay,URY,2005,7.4601321302473,46970.9000771682,20.0881895579305,1.47724841445128,7.65818194532511,12.009,4.6992773903564,0.46031
Uruguay,URY,2006,4.09857735445401,46157.6518055605,29.39999962,3.24006096964103,10.20049172175,10.844,6.39764974385131,0.36385
Uruguay,URY,2007,6.54151084504817,46782.2426971303,34,5.00790099883071,9.39916996755775,9.403,8.11464561179313,0.42159
Uruguay,URY,2008,7.17614466455107,48981.7001724951,39.3,7.40514515121388,8.99222172060468,8.025,7.87707374730888,0.37442
Uruguay,URY,2009,4.24349419462426,50029.0537731613,41.8,9.59139794041916,7.6043502256076,7.74,7.06221874388574,0.40239
Uruguay,URY,2010,7.8034096507169,53643.3106352851,46.4,11.5576240440188,7.72064079169666,7.158,6.69870886978132,0.32882
Uruguay,URY,2011,5.16213302463606,54104.1760114459,51.4046610563616,14.2140328992358,5.83158359076897,6.307,8.0928320630299,0.32962
Uruguay,URY,2012,3.53817872056869,56452.4883512116,54.453768680746,17.4092710291806,4.97388471546276,6.451,8.09776580573602,0.30808
Uruguay,URY,2013,4.63753862902416,59065.2646290363,57.69,22.0329969745948,5.39140038055733,6.444,8.57513504005397,0.29118
Uruguay,URY,2014,3.23879122952364,59740.7112898589,61.4624951684405,25.0350829208297,6.54789097632093,6.547,8.87735333229828,0.31707
Uruguay,URY,2015,0.370741257681345,61097.6883439251,64.5707870971624,26.7496571424669,8.45467757998407,7.488,8.66626987079328,0.35109
Uruguay,URY,2016,1.68979822971775,62339.5151271846,66.40000153,27.2743360055965,8.61378071176788,7.841,9.6394134763508,0.37391
Uruguay,URY,2017,1.74037649141989,63606.2293655663,70.3223543994698,28.1333463973666,14.0626537192315,7.89,6.2180938256186,0.44052
Uruguay,URY,2018,0.164777608846705,64120.9982585355,80.7268428795854,28.7930537740968,16.0658700819361,8.336,7.60653360377047,0.50484
Uruguay,URY,2019,0.928351027546341,64950.734824142,83.3515337667548,29.8012543248776,19.0124371776541,8.836,7.88198870879619,0.56805
Uruguay,URY,2020,-7.35732706897301,63301.5594769644,85.47100067,31.2948224284548,26.1835248080344,10.413,9.75640636078194,0.67606
Uruguay,URY,2021,5.84427325018082,64064.6130116691,87.64440155,32.5451063460216,24.2053230999224,9.328,7.74791402314762,0.61467
Uruguay,URY,2022,4.60623000920732,65469.0453889693,89.87304314,33.4865565704576,21.5642249233768,7.877,9.10437983075437,0.62206